,sequence,GENUS,SPECIES
0,QMSYGYDEKSAGVSVPGPMGPSGPRGLPGPPGSPGPQGFQGPPGEPGEPGASGPMGPRGPPGPPGKNGDDGEAGKPGRPGERGPPGPQGARGLPGTAGLPGMKGHRGFSGLDGAKGDAGPAGPKGEPGSPGENGAPGQMGPRGLPGERGRPGAPGPAGARGNDGATGAAGPPGPTGPAGPPGFPGAVGAKGEAGPQGARGSEGPQGVRGEPGPPGPAGAAGPAGNPGADGQPGAKGANGAPGIAGAPGFPGARGPSGPQGPSGAPGPKGNSGEPGAPGNKGDTGAKGEPGAAGVQGPPGPAGEEGKRGARGEPGPAGLPGPPGERGGPGSRGFPGADGIAGPKGPAGERGSPGPAGPKGSPGEAGRPGEAGLPGAKGLTGSPGSPGPDGKTGPPGPAGQDGRPGPPGPPGARGQAGVMGFPGPKGAAGEPGKAGERGVPGPPGAVGPAGKDGEAGAQGPPGPAGPAGERGEQGPAGSPGFQGLPGPAGPPGEAGKPGEQGVPGDLGAPGPSGARGERGFPGERGVQGPPGPAGPRGSNGAPGNDGAKGDTGAPGAPGSQGAPGLQGMPGERGAAGLPGPKGDRGDAGPKGADGSPGKDGVRGLTGPIGPPGPAGAPGDKGETGPSGPAGPTGARGAPGDRGEPGPPGPAGFAGPPGADGQPGAKGEPGDAGAKGDAGPPGPAGPAGPPGPIGNVGAPGPKGARGSAGPPGATGFPGAAGRVGPPGPSGNAGPPGPPGPVGKEGGKGPRGETGPAGRPGEVGPPGPPGPAGEKGSPGADGPAGSPGTPGPQGIAGQRGVVGLPGQRGERGFPGLPGPSGEPGKQGPSGASGERGPPGPMGPPGLAGPPGESGREGSPGAEGSPGRDGSPGPKGDRGETGPAGPPGAPGAPGAPGPVGPAGKSGDRGETGPAGPAGPIGPAGARGPAGPQGPRGDKGETGEQGDRGIKGHRGLSGLQGPPGPPGSPGEQGPSGSSGPAGPRGPPGSAGAAGKDGLNGLPGPIGPPGPRGRTGDAGPAGPPGPPGPPGPPGPPSGGFDFSFMPQPPQEKADSGRYYRARQYDGKGVSLGPGPMGLMGPRGPPGAAGAPGPQGFQGPAGEPGEPGQTGPAGARGPPGAPGKAGEDGNPGKPGRPGERGVVGPQGARGFPGTPGLPGFKGVRGHSGMDGLKGQAGAPGVKGEPGAPGENGTPGQAGARGLPGERGRVGAPGPAGARGSDGSVGPVGPAGPIGSAGPPGFPGAPGPKGELGPVGNPGASGPAGPRGEVGLPGVSGPVGPPGNPGANGLTGSKGAAGLPGVAGAPGLPGPRGIPGPVGAAGASGPRGLVGEPGPAGSKGETGNKGEPGSAGPQGPPGPSGEEGKRGSPGEPGSAGPVGPAGLRGSPGSRGLPGADGRAGVMGPPGSRGSSGPAGARGPNGDPGRPGEPGLMGPRGLPGSPGSVGPSGKEGPVGLPGIDGRPGPIGPAGTRGEAGNIGFPGPKGPTGDPGKNGDKGHPGLAGARGAPGPDGNNGAQGPPGPQGVQGGKGDQGPAGPPGFQGLPGPSGTTGEVGKPGERGIPGEFGLPGPAGPRGERGPPGESGAAGPSGPVGSRGPSGPPGPDGNKGEAGAIGAPGNAGASGPGGLPGERGAAGMPGGKGEKGETGLRGETGNTGRDGARGAPGAVGAPGPAGATGDRGEAGSAGPAGPAGPRGSPGERGEVGPAGPNGFAGPAGAAGQAGAKGEKGTKGPKGENGVVGPAGPVGAAGPSGPNGPPGPVGGRGDGGPPGMTGFPGAAGRTGPPGPSGITGPPGPPGAAGKEGLRGPRGDQGPVGRTGETGASGPPGFTGEKGPSGEPGTAGPPGTPGPQGLLGAPGILGLPGSRGERGLPGIAGALGEPGPLGISGPPGARGPPGAVGNPGVNGAPGEAGRDGNPGSDGPPGRDGQPGHKGDRGYPGNAGPAGAAGAPGPHGPVGPAGKHGNRGEPGAAGSVGPVGAVGPRGPSGPQGVRGDKGEPGDKGHRGLPGLKGHPGLQGLPGHAGQHGDQGSPGPVGPAGPRGPAGPSGPAGKDGRSGQPGAVGPAGVRGSQGSQGPAGPPGPPGLPGPPGISGGGYDFGFDGDFYRA,Jaculus,Jaculus jaculus
1,QMSYGYDEKSAGVSVPGPMGPSGPRGLPGPPGAPGPQGFQGPPGEPGEPGASGPMGPRGPPGPPGKNGDDGEAGKPGRPGERGPPGPQGARGLPGTAGLPGMKGHRGFSGLDGAKGDAGPAGPKGEPGSPGENGAPGQMGPRGLPGERGRPGAPGPAGARGNDGATGAAGPPGPTGPTGPPGFPGAVGAKGEAGPQGARGSEGPQGIRGEPGPPGPAGAAGPAGNPGADGQPGAKGANGAPGIAGAPGFPGARGPSGPQGPSGAPGPKGNSGEPGAPGNKGDTGAKGEPGPAGVQGPPGPAGEEGKRGARGEPGPTGLPGPPGERGGPGSRGFPGADGVAGPKGPAGERGAPGPAGPKGSPGEAGRPGEAGLPGAKGLTGSPGSPGPDGKTGPPGPAGQDGRPGPPGPPGARGQAGVMGFPGPKGTAGEPGKAGERGVPGPPGPVGPAGKDGEAGAQGAPGPAGPAGERGEQGPAGSPGFQGLPGPAGPPGEAGKPGEQGVPGDLGAPGPSGARGERGFPGERGVQGPPGPAGPRGNNGAPGNDGAKGDTGAPGAPGSQGAPGLQGMPGERGAAGLPGPKGDRGDAGPKGADGSPGKDGVRGLTGPIGPPGPAGAPGDKGETGPSGPAGPTGARGAPGDRGEPGPPGPAGFAGPPGADGQPGAKGEPGETGTKGDSGPPGPAGPAGPPGPIGNVGAPGPKGARGSAGPPGATGFPGAAGRVGPPGPSGNAGPPGPPGPVGKEGGKGPRGETGPAGRPGEVGPPGPPGPAGEKGAPGADGPAGSPGTPGPQGIAGQRGVVGLPGQRGERGFPGLPGPSGEPGKQGPSGSSGERGPPGPMGPPGLAGPPGESGREGSPGAEGSPGRDGSPGPKGDRGETGPAGPPGAPGAPGAPGPVGPAGKSGDRGETGPAGPAGPIGPAGARGPAGPQGPRGDKGETGEQGDRGIKGHRGFSGLQGPPGSPGSPGEQGPSGASGPAGPRGPPGSAGAPGKDGLNGLPGPIGPPGPRGRTGDSGPAGPPGPPGPPGPPGPPSGGYDFSFLPQPPQEKAHDGGRYYRARQYLDKGVSSGPGPMGLMGPRGPPGAVGAPGPQGFQGPAGEPGEPGQTGPAGSRGPAGPPGKAGEDGHPGKPGRPGERGVVGPQGARGFPGTPGLPGFKGIRGHNGLDGLKGQPGAQGVKGEPGAPGENGTPGQAGARGLPGERGRVGAPGPAGARGSDGSVGPVGPAGPIGSAGPPGFPGAPGPKGELGPVGNPGPSGPAGPRGEVGLPGLSGPVGPPGNPGANGLTGAKGAAGLPGVAGAPGLPGPRGIPGPVGAAGATGARGLVGEPGPAGSKGETGNKGEPGSAGAQGPPGPSGEEGKRGSPGEPGSAGPAGPPGLRGSPGSRGLPGADGRAGVMGPPGNRGSSGPAGARGPNGDAGRPGEPGLMGPRGLPGSPGNVGPSGKEGPVGLPGIDGRPGPIGPAGARGEAGNIGFPGPKGPSGDPGKAGEKGHPGLAGARGAPGPDGNNGAQGPPGPQGVQGGKGEQGPAGPPGFQGLPGPSGSAGEVGKPGERGLPGEFGLPGPAGPRGERGPPGESGAAGPSGPVGSRGPSGAPGPDGNKGEAGAVGAPGTAGASGPGGLPGERGAAGIPGGKGEKGETGLRGEIGNPGRDGARGAPGAVGAPGPAGATGDRGEAGAAGPSGPAGPRGSPGERGEVGPAGPNGFAGPAGAAGQPGAKGEKGTKGPKGENGVVGPAGPVGAAGPSGPNGPPGPVGGRGDGGPPGMTGFPGAAGRTGPPGPSGITGPPGPPGAAGKEGIRGPRGDQGPVGRTGETGASGPPGFTGEKGPSGEPGTAGPPGTPGPQGFLGPPGILGLPGSRGERGLPGVAGALGEPGPLGIAGPPGARGPPGAVGSPGVNGAPGEAGRDGNPGSDGAPGRDGQPGHKGERGYPGNIGPTGAAGAPGPHGSVGPAGKHGNRGEPGPAGSVGPAGAVGPRGPSGPQGIRGDKGEPGDKGPRGLPGFKGHNGLQGLPGLAGLHGDQGSPGPVGPAGPRGPAGPSGPVGKDGRSGHPGPVGPAGVRGSQGSQGPAGPPGPPGPPGPPGVSGGGYDFGFEGDFYRA,Myodes,Myodes glareolus
2,QMSYGYDEKSAGVSVPGPMGPSGPRGLPGPPGAPGPQGFQGPPGEPGEPGASGPMGPRGPPGPPGKNGDDGEPGKPGRTGDRGPPGPQGARGLPGTAGLPGMKGHRGFSGLDGAKGDAGPAGPKGEPGSPGENGAPGQMGPRGLPGERGRPGAPGPAGARGNDGATGAAGPPGPTGPTGPPGFPGAVGAKGEAGPQGARGSEGPQGVRGEPGPPGPAGAAGPAGNPGADGQPGAKGANGAPGIAGAPGFPGARGPSGPQGPSGAPGPKGNSGEPGAPGNKGDTGAKGEPGPAGVQGPPGPAGEEGKRGARGEPGPTGLPGPPGERGGPGSRGFPGADGVAGPKGPAGERGSPGPAGPKGSPGEAGRPGEAGLPGAKGLTGSPGSPGPDGKTGPPGPAGQDGRPGPPGPPGARGQAGVMGFPGPKGTAGEPGKAGERGVPGPPGPVGPAGKDGEAGAQGAPGPAGPAGERGEQGPAGSPGFQGLPGPAGPPGEAGKPGEQGVPGDLGAPGPSGARGERGFPGERGVQGPPGPAGPRGNNGAPGNDGAKGDTGAPGAPGSQGAPGLQGMPGERGAAGLPGPKGDRGDAGPKGADGSPGKDGVRGLTGPIGPPGPAGAPGDKGETGPSGPAGPTGARGAPGDRGEPGPPGPAGFAGPPGADGQPGAKGEPGETGTKGDSGPPGPAGPAGPPGPIGNVGAPGPKGARGAAGPPGATGFPGAAGRVGPPGPSGNAGPPGPPGPVGKEGGKGPRGETGPAGRPGEVGPPGPPGPAGEKGAPGADGPAGSPGTPGPQGIAGQRGVVGLPGQRGERGFPGLPGPSGEPGKQGPSGSSGERGPPGPMGPPGLAGPPGESGREGSPGAEGSPGRDGAPGPKGDRGETGPAGPPGAPGAPGAPGPVGPAGKSGDRGETGPAGPAGPIGPAGARGPAGPQGPRGDKGETGEQGDRGIKGHRGFSGLQGPPGSPGSPGEQGPSGASGPAGPRGPPGSAGAPGKDGLNGLPGPIGPPGPRGRTGDSGPAGPPGPPGPPGPPGPPSGGYDFSFLPQPPQEKSHDGGRYYRARQYSDKGVSSGPGPMGLMGPRGPPGAVGAPGPQGFQGPAGEPGEPGQTGPAGSRGPAGPPGKAGEDGHPGKAGRPGERGVVGPQGARGFPGTPGLPGFKGLRGHNGLDGLKGQPGAQGVKGEPGAPGENGTPGQAGARGLPGERGRVGAPGPAGARGSDGSVGPVGPAGPIGSAGPPGFPGAPGPKGELGPVGNPGPSGPAGPRGEVGLPGLSGPVGPPGNPGANGLTGAKGAAGLPGVAGAPGLPGPRGIPGPVGAAGATGARGLVGEPGPAGSKGETGNKGEPGSAGAQGPPGPSGEEGKRGSPGEPGSAGPGGPPGLRGSPGSRGLPGADGRAGVMGPPGNRGSTGPAGGRGPNGDPGRPGEPGLMGPRGLPGSPGNVGPSGKEGPVGLPGIDGRPGPIGPAGARGEAGNIGFPGPKGPSGDPGKAGEKGHPGLAGARGAPGPDGNNGAQGPPGPQGVQGGKGEQGPAGPPGFQGLPGPSGTAGEVGKPGERGLPGEFGLPGPAGPRGERGPPGESGAAGPSGPIGSRGPSGAPGPDGNKGEAGAVGAPGNAGASGPGGLPGERGAAGVPGGKGEKGETGLRGEIGNPGRDGARGAPGAVGAPGPAGATGDRGEAGAAGPSGPAGPRGSPGERGEVGPAGPNGFAGPAGAAGQPGAKGEKGTKGPKGENGVVGPAGPVGAAGPSGPNGPPGPIGGRGDGGPPGMTGFPGAAGRTGPPGPSGITGPPGPPGAAGKEGVRGPRGDQGPVGRTGETGASGPPGFTGEKGPSGEPGSAGPPGSPGPQGFLGPPGILGLPGSRGERGLPGVAGALGEPGPLGIAGPPGARGPPGAVGSPGVNGAPGEAGRDGNPGSDGAPGRDGQPGHKGERGYPGNIGPTGAAGAPGPHGSVGPAGKHGNRGEPGPAGSVGPAGAVGPRGPSGPQGIRGDKGEPGDKGARGLPGFKGHNGLQGLPGLAGQHGDQGSPGPVGPAGPRGPAGPSGPVGKDGRSGHPGPVGPAGVRGSQGSQGPSGPPGPPGPPGPPGVSGGGYDFGFEGDFYRA,Cricetulus,Cricetulus griseus
3,QMSYGYDEKSAGVSVPGPMGPSGPRGLPGPPGAPGPQGFQGPPGEPGEPGASGPMGPRGPPGPPGKNGDDGEAGKPGRPGERGPPGPQGARGLPGTAGLPGMKGHRGFSGLDGAKGDTGPAGPKGEPGSPGENGAPGQMGPRGLPGERGRPGPPGSAGARGNDGAVGAAGPPGPTGPTGPPGFPGAAGAKGEAGPQGARGSEGPQGVRGEPGPPGPAGAAGPAGNPGADGQPGAKGANGAPGIAGAPGFPGARGPSGPQGPSGAPGPKGNSGEPGAPGNKGDTGAKGEPGPAGVQGPPGPAGEEGKRGARGEPGPSGLPGPPGERGGPGSRGFPGADGVAGPKGPAGERGSPGPAGPKGSPGEAGRPGEAGLPGAKGLTGSPGSPGPDGKTGPPGPAGQDGRPGPAGPPGARGQAGVMGFPGPKGTAGEPGKAGERGVPGPPGAVGPAGKDGEAGAQGAPGPAGPAGERGEQGPAGSPGFQGLPGPAGPPGEAGKPGEQGVPGDLGAPGPSGARGERGFPGERGVQGPPGPAGPRGNNGAPGNDGAKGDTGAPGAPGSQGAPGLQGMPGERGAAGLPGPKGDRGDAGPKGADGSPGKDGVRGLTGPIGPPGPAGAPGDKGETGPSGPAGPTGARGAPGDRGEPGPPGPAGFAGPPGADGQPGAKGEPGDTGVKGDAGPPGPAGPAGPPGPIGNVGAPGPKGSRGAAGPPGATGFPGAAGRVGPPGPSGNAGPPGPPGPVGKEGGKGPRGETGPAGRPGEVGPPGPPGPAGEKGSPGADGPAGSPGTPGPQGIAGQRGVVGLPGQRGERGFPGLPGPSGEPGKQGPSGASGERGPPGPMGPPGLAGPPGESGREGSPGAEGSPGRDGAPGAKGDRGETGPAGPPGAPGAPGAPGPVGPAGKNGDRGETGPAGPAGPIGPAGARGPAGPQGPRGDKGETGEQGDRGIKGHRGFSGLQGPPGSPGSPGEQGPSGASGPAGPRGPPGSAGSPGKDGLNGLPGPIGPPGPRGRTGDSGPAGPPGPPGPPGPPGPPSGGYDFSFLPQPPQEKSQDGGRYYRARQYSDKGVSAGPGPMGLMGPRGPPGAVGAPGPQGFQGPAGEPGEPGQTGPAGSRGPAGPPGKAGEDGHPGKPGRPGERGVVGPQGARGFPGTPGLPGFKGIRGHNGLDGLKGQPGAQGVKGEPGAPGENGTPGQAGARGLPGERGRVGAPGPAGARGSDGSVGPVGPAGPIGSAGPPGFPGAPGPKGELGPVGNPGPAGPAGPRGEAGLPGLSGPVGPPGNPGANGLTGAKGATGLPGVAGAPGLPGPRGIPGPVGAAGATGPRGLVGEPGPAGSKGETGNKGEPGSAGAQGPPGPSGEEGKRGSPGEPGSAGPAGPPGLRGSPGSRGLPGADGRAGVMGPPGNRGSTGPAGVRGPNGDAGRPGEPGLMGPRGLPGSPGNVGPAGKEGPVGLPGIDGRPGPIGPAGPRGEAGNIGFPGPKGPSGDPGKPGEKGHPGLAGARGAPGPDGNNGAQGPPGPQGVQGGKGEQGPAGPPGFQGLPGPSGTAGEVGKPGERGLPGEFGLPGPAGPRGERGPPGESGAAGPSGPIGIRGPSGAPGPDGNKGEAGAVGAPGSAGASGPGGLPGERGAAGIPGGKGEKGETGLRGEIGNPGRDGARGAPGAIGAPGPAGASGDRGEAGAAGPSGPAGPRGSPGERGEVGPAGPNGFAGPAGSAGQPGAKGEKGTKGPKGENGIVGPTGPVGAAGPSGPNGPPGPAGSRGDGGPPGMTGFPGAAGRTGPPGPSGITGPPGPPGAAGKEGIRGPRGDQGPVGRTGEIGASGPPGFAGEKGPSGEPGTTGPPGTAGPQGLLGAPGILGLPGSRGERGQPGIAGALGEPGPLGIAGPPGARGPPGAVGSPGVNGAPGEAGRDGNPGSDGPPGRDGQPGHKGERGYPGNIGPTGAAGAPGPHGSVGPAGKHGNRGEPGPAGSVGPVGAVGPRGPSGPQGIRGDKGEPGDKGARGLPGLKGHNGLQGLPGLAGLHGDQGAPGPVGPAGPRGPAGPSGPIGKDGRSGHPGPVGPAGVRGSQGSQGPAGPPGPPGPPGPPGVSGGGYDFGFEGGFYRA,Rattus,Rattus norvegicus
4,QMSYGYDEKSAGVSVPGPMGPSGPRGLPGPPGAPGPQGFQGPPGEPGEPGASGPMGPRGPPGPPGKNGDDGEAGKPGRPGERGPPGPQGARGLPGTAGLPGMKGHRGFSGLDGAKGDAGPAGPKGEPGSPGENGAPGQMGPRGLPGERGRPGAPGPAGARGNDGATGAAGPPGPTGPTGPPGFPGAVGAKGEAGPQGARGSEGPQGIRGEPGPPGPAGAAGPAGNPGADGQPGAKGANGAPGIAGAPGFPGARGPSGPQGPSGAPGPKGNSGEPGAPGNKGDTGAKGEPGPAGVQGPPGPAGEEGKRGARGEPGPTGLPGPPGERGGPGSRGFPGADGVAGPKGPAGERGAPGPAGPKGSPGEAGRPGEAGLPGAKGLTGSPGSPGPDGKTGPPGPAGQDGRPGPPGPPGARGQAGVMGFPGPKGTAGEPGKAGERGVPGPPGPVGPAGKDGEAGAQGAPGPAGPAGERGEQGPAGSPGFQGLPGPAGPPGEAGKPGEQGVPGDLGAPGPSGARGERGFPGERGVQGPPGPAGPRGNNGAPGNDGAKGDTGAPGAPGSQGAPGLQGMPGERGAAGLPGPKGDRGDAGPKGADGSPGKDGVRGLTGPIGPPGPAGAPGDKGETGPSGPAGPTGARGAPGDRGEPGPPGPAGFAGPPGADGQPGAKGEPGETGTKGDSGPPGPAGPAGPPGPIGNVGAPGPKGARGSAGPPGATGFPGAAGRVGPPGPSGNAGPPGPPGPVGKEGGKGPRGETGPAGRPGEVGPPGPPGPAGEKGAPGADGPAGSPGTPGPQGIAGQRGVVGLPGQRGERGFPGLPGPSGEPGKQGPSGSSGERGPPGPVGPPGLAGPPGESGREGSPGAEGSPGRDGSPGPKGDRGETGPAGPPGAPGAPGAPGPVGPAGKSGDRGETGPAGPAGPIGPAGARGPAGPQGPRGDKGETGEQGDRGIKGHRGFSGLQGPPGSPGSPGEQGPSGASGPAGPRGPPGSAGAPGKDGLNGLPGPIGPPGPRGRTGDSGPVGPPGPPGPPGPPGPPSGGYDFSFLPQPPQEKAHDGGRYYRARQYLDKGVSSGPGPMGLMGPRGPPGAVGAPGPQGFQGPAGEPGEPGQTGPAGSRGPAGPPGKAGEDGHPGKPGRPGERGVVGPQGARGFPGTPGLPGFKGIRGHNGLDGLKGQPGAQGVKGEPGAPGENGTPGQAGARGLPGERGRVGAPGPAGARGSDGSVGPVGPAGPIGSAGPPGFPGAPGPKGELGPVGNPGPSGPAGPRGEVGLPGLSGPVGPPGNPGANGLTGAKGAAGLPGVAGAPGLPGPRGIPGPVGAAGATGARGLVGEPGPAGSKGETGNKGEPGSAGAQGPPGPSGEEGKRGSPGEPGSAGPAGPPGLRGSPGSRGLPGADGRAGVMGPPGNRGSSGPAGVRGPNGDAGRPGEPGLMGPRGLPGSPGNVGPSGKEGPVGLPGIDGRPGPIGPAGARGEAGNIGFPGPKGPSGDPGKAGEKGHPGLAGARGAPGPDGNNGAQGPPGPQGVQGGKGEQGPAGPPGFQGLPGPSGSAGEVGKPGERGLPGEFGLPGPAGPRGERGPPGESGAAGPSGPVGSRGPSGAPGPDGNKGEAGAVGAPGNAGASGPGGLPGERGAAGIPGGKGEKGETGLRGEIGNPGRDGARGAPGAVGAPGPAGATGDRGEAGAAGPSGPAGPRGSPGERGEVGPAGPNGFAGPAGAAGQPGAKGEKGTKGPKGENGVVGPAGPVGAAGPSGPNGPPGPAGGRGDGGPPGMTGFPGAAGRTGPPGPSGITGPPGPPGAAGKEGIRGPRGDQGPVGRTGETGASGPPGFAGEKGPSGEPGTAGPPGTPGPQGFLGPPGILGLPGSRGERGLPGVAGALGEPGPLGIAGPPGARGPPGAVGSPGVNGAPGEAGRDGNPGSDGAPGRDGQPGHKGERGYPGNIGPTGAAGAPGPHGSVGPAGKHGNRGEPGPAGSVGPAGAVGPRGPSGPQGIRGDKGEPGDKGPRGLPGFKGHNGLQGLPGLAGLHGDQGAPGPVGPAGPRGPAGPSGPVGKDGRSGHPGSVGPAGVRGSQGSQGPAGPPGPPGPPGPPGVSGGGYDFGFEGDFYRA,Microtus,Microtus oregoni
5,QMSYGYDEKSAGVSVPGPMGPSGPRGLPGPPGAPGPQGFQGPPGEPGEPGASGPMGPRGPPGPPGKNGDDGEAGKPGRPGERGPPGPQGARGLPGTAGLPGMKGHRGFSGLDGAKGDAGPAGPKGEPGSPGENGAPGQMGPRGLPGERGRPGAPGPAGARGNDGATGAAGPPGPTGPTGPPGFPGAAGAKGEAGPQGARGSEGPQGIRGEPGPPGPAGAAGPAGNPGADGQPGAKGANGAPGIAGAPGFPGARGPSGPQGPSGAPGPKGNSGEPGAPGNKGDTGAKGEPGPAGVQGPPGPAGEEGKRGARGEPGPTGLPGPPGERGGPGSRGFPGADGVAGPKGPAGERGAPGPAGPKGSPGEAGRPGEAGLPGAKGLTGSPGSPGPDGKTGPPGPAGQDGRPGPPGPPGARGQAGVMGFPGPKGTAGEPGKAGERGVPGPPGPVGPAGKDGEAGAQGAPGPAGPAGERGEQGPAGSPGFQGLPGPAGPPGEAGKPGEQGVPGDLGAPGPSGARGERGFPGERGVQGPPGPAGPRGNNGAPGNDGAKGDTGAPGAPGSQGAPGLQGMPGERGAAGLPGPKGDRGDAGPKGADGSPGKDGVRGLTGPIGPPGPAGAPGDKGETGPSGPAGPTGARGAPGDRGEPGPPGPAGFAGPPGADGQPGAKGEPGETGTKGDSGPPGPAGPAGPPGPIGNVGAPGPKGARGSAGPPGATGFPGAAGRVGPPGPSGNAGPPGPPGPVGKEGGKGPRGETGPAGRPGEVGPPGPPGPAGEKGAPGADGPAGSPGTPGPQGIAGQRGVVGLPGQRGERGFPGLPGPSGEPGKQGPSGSSGERGPPGPMGPPGLAGPPGESGREGSPGAEGSPGRDGSPGPKGDRGETGPAGPPGAPGAPGAPGPVGPAGKSGDRGETGPAGPAGPIGPAGARGPAGPQGPRGDKGETGEQGDRGIKGHRGFSGLQGPPGSPGSPGEQGPSGASGPAGPRGPPGSAGAPGKDGLNGLPGPIGPPGPRGRTGDSGPVGPPGPPGPPGPPGPPSGGYDFSFLPQPPQEKAHDGGRYYRARQYLDKGVSSGPGPMGLMGPRGPPGAVGAPGPQGFQGPAGEPGEPGQTGPAGSRGPAGPPGKAGEDGHPGKPGRPGERGVVGPQGARGFPGTPGLPGFKGIRGHNGLDGLKGQPGAQGVKGEPGAPGENGTPGQAGARGLPGERGRVGAPGPAGARGSDGSVGPVGPAGPIGSAGPPGFPGAPGPKGELGPVGNPGPSGPAGPRGEVGLPGLSGPVGPPGNPGANGLTGAKGAAGLPGVAGAPGLPGPRGIPGPVGAAGATGARGLVGEPGPAGSKGETGNKGEPGSAGAQGPPGPSGEEGKRGSPGEPGSAGPAGPPGLRGSPGSRGLPGADGRAGVMGPPGNRGSSGPAGVRGPNGDAGRPGEPGLMGPRGLPGSPGNVGPSGKEGPVGLPGIDGRPGPIGPAGARGEAGNIGFPGPKGPSGDPGKAGEKGHPGLAGARGAPGPDGNNGAQGPPGPQGVQGGKGEQGPAGPPGFQGLPGPSGSAGEVGKPGERGLPGEFGLPGPAGPRGERGPPGESGAAGPSGPVGSRGPSGAPGPDGNKGEAGAIGAPGTAGASGPGGLPGERGAAGIPGGKGEKGETGLRGEIGNPGRDGARGAPGAVGAPGPAGATGDRGEAGAAGPSGPAGPRGSPGERGEVGPAGPNGFAGPAGAAGQPGAKGEKGTKGPKGENGVVGPAGPVGAAGPSGPNGPPGPVGGRGDGGPPGMTGFPGAAGRTGPPGPSGITGPPGPPGAAGKEGIRGPRGDQGPVGRTGETGASGPPGFAGEKGPSGEPGTAGPPGTPGPQGFLGPPGILGLPGSRGERGLPGVAGALGEPGPLGIAGPPGARGPPGAVGSPGVNGAPGEAGRDGNPGSDGAPGRDGQPGHKGERGYPGNIGPTGAAGAPGPHGSVGPAGKHGNRGEPGPAGSVGPAGAVGPRGPSGPQGIRGDKGEPGDKGPRGLPGFKGHNGLQGLPGLAGLHGDQGSPGPVGPAGPRGPAGPSGPVGKDGRSGHPGPVGPAGVRGSQGSQGPAGPPGPPGPPGPPGVSGGGYDFGFEGDFYRA,Arvicola,Arvicola amphibius
6,QMSYGYDEKSAGVSMPGPMGPSGPRGLPGPPGAPGPQGFQGPPGEPGEPGASGPMGPRGPPGPPGKNGDDGEAGKPGRPGERGPPGPQGARGLPGTAGLPGMKGHRGFSGLDGAKGDAGPAGPKGEPGSPGENGAPGQMGPRGLPGERGRPGPPGTAGARGNDGAVGAAGPPGPTGPTGPPGFPGAVGAKGEAGPQGARGSEGPQGVRGEPGPPGPAGAAGPAGNPGADGQPGAKGANGAPGIAGAPGFPGARGPSGPQGPSGAPGPKGNSGEPGAPGNKGDTGAKGEPGPAGVQGPPGPAGEEGKRGARGEPGPTGLPGPPGERGGPGSRGFPGADGVAGPKGPAGERGSPGPAGPKGSPGEAGRPGEAGLPGAKGLTGSPGSPGPDGKTGPPGPAGQDGRPGPAGPPGARGQAGVMGFPGPKGTAGEPGKAGERGVPGPPGAVGPAGKDGEAGAQGAPGPAGPAGERGEQGPAGSPGFQGLPGPAGPPGEAGKPGEQGVPGDLGAPGPSGARGERGFPGERGVQGPPGPAGPRGNNGAPGNDGAKGDTGAPGAPGSQGAPGLQGMPGERGAAGLPGPKGDRGDAGPKGADGSPGKDGVRGLTGPIGPPGPAGSPGDKGETGPSGPPGPTGARGAPGDRGEAGPPGPAGFAGPPGADGQPGAKGEPGDTGVKGDAGPPGPAGPAGPPGPIGNVGAPGPKGSRGAAGPPGATGFPGAAGRVGPPGPSGNAGPPGPPGPVGKEGGKGPRGETGPAGRPGEVGPPGPPGPAGEKGSPGADGPAGSPGTPGPQGIAGQRGVVGLPGQRGERGFPGLPGPSGEPGKQGPSGSSGERGPPGPMGPPGLAGPPGESGREGSPGAEGSPGRDGAPGAKGDRGETGPAGPPGAPGAPGAPGPVGPAGKSGDRGETGPAGPAGPIGPAGARGPAGPQGPRGDKGETGEQGDRGIKGHRGFSGLQGPPGSPGSPGEQGPSGASGPAGPRGPPGSAGSPGKDGLNGLPGPIGPPGPRGRTGDSGPAGPPGPPGPPGPPGPPSGGYDFSFLPQPPQEKAHDGGRYYRARQYSDKGVSSGPGPMGLMGPRGPPGAVGAPGPQGFQGPAGEPGEPGQTGPAGSRGPAGPPGKAGEDGHPGKPGRPGERGVVGPQGARGFPGTPGLPGFKGIRGHNGLDGLKGQPGAQGVKGEPGAPGENGTPGLAGARGLPGERGRVGAPGPAGARGSDGSVGPVGPAGPIGSAGPPGFPGAPGPKGELGPVGNPGPAGPAGPRGEVGLPGLSGPVGPPGNPGANGLTGAKGATGLPGVAGAPGLPGPRGIPGPVGAAGATGARGLVGEPGPAGSKGETGNKGEPGSAGAQGPPGPSGEEGKRGSPGEPGSAGPAGPPGLRGSPGSRGLPGADGRAGVMGPPGNRGSTGPAGVRGPNGDAGRPGEPGLMGPRGLPGSPGNVGPAGKEGPVGLPGIDGRPGPIGPAGPRGEAGNIGFPGPKGPSGDPGKPGDKGHPGLAGARGAPGPDGNNGAQGPPGPQGVQGGKGEQGPAGPPGFQGLPGPSGATGEVGKPGERGLPGEFGLPGPAGPRGERGPPGESGAAGPSGPIGSRGPSGAPGPDGNKGEAGAVGAPGTAGASGPGGLPGERGAAGIPGGKGEKGETGLRGEIGNPGRDGARGAPGAIGAPGPAGASGDRGEAGSAGPSGPAGPRGSPGERGEVGPAGPNGFAGPAGAAGQPGAKGEKGTKGPKGENGIVGPTGPVGAAGPSGPNGPPGPAGSRGDGGPPGMTGFPGAAGRTGPPGPSGITGPPGPPGAAGKEGIRGPRGDQGPVGRTGETGASGPPGFAGEKGPSGEPGTAGPPGTAGPQGLLGAPGILGLPGSRGERGLPGIAGALGEPGPLGIAGPPGARGPPGAVGSPGVNGAPGEAGRDGNPGSDGPPGRDGQPGPKGERGYPGSIGPTGAAGAPGPHGSVGPAGKHGNRGEPGPAGSVGPVGAVGPRGPSGPQGIRGDKGEPGDKGPRGLPGLKGHNGLQGLPGLAGLHGDQGAPGPVGPAGPRGPAGPSGPVGKDGRSGHPGPVGPAGVRGSQGSQGPAGPPGPAGPPGPPGVSGGGYDFGFEGDFYRA,Grammomys,Grammomys surdaster
7,QMSYGYDEKSAGVSVPGPMGPSGPRGLPGPPGAPGPQGFQGPPGEPGEPGASGPMGPRGPPGPPGKNGDDGEAGKPGRPGERGPSGPQGARGLPGTAGLPGMKGHRGFSGLDGAKGDAGPAGPKGEPGSPGENGAPGQMGPRGLPGERGRPGPPGSAGARGNDGATGAAGPPGPTGPTGPPGFPGAVGAKGEAGPQGARGSEGPQGIRGEPGPPGPAGAAGPAGNPGADGQPGAKGANGAPGIAGAPGFPGARGPSGPQGPSGAPGPKGNSGEPGAPGNKGDTGAKGEPGPAGVQGPPGPAGEEGKRGARGEPGPTGLPGPPGERGGPGSRGFPGADGVAGPKGPAGERGSPGPAGPKGSPGEAGRPGEAGLPGAKGLTGSPGSPGPDGKTGPPGPAGQDGRPGPPGPPGARGQAGVMGFPGPKGTAGEPGKVGERGVPGPPGPVGPAGKDGEAGAQGAPGPAGPAGERGEQGPAGSPGFQGLPGPAGPPGEAGKPGEQGVPGDLGAPGPSGARGERGFPGERGVQGPPGPAGPRGNNGAPGNDGAKGDTGAPGAPGSQGAPGLQGMPGERGAAGLPGPKGDRGDAGPKGADGTPGKDGPRGLTGPIGPPGPAGAPGDKGETGPSGPAGPTGARGAPGDRGEPGPPGPAGFAGPPGADGQPGAKGEPGETGTKGDTGPPGPAGPAGPPGPIGNVGAPGPKGPRGSAGPPGATGFPGAAGRVGPPGPSGNAGPPGPPGPVGKEGGKGPRGETGPAGRPGEVGPPGPPGPAGEKGAPGADGPAGSPGTPGPQGIAGQRGVVGLPGQRGERGFPGLPGPSGEPGKQGPSGSSGERGPPGPMGPPGLAGPPGESGREGSPGAEGSPGRDGSPGPKGDRGETGPAGPPGAPGAPGAPGPVGPAGKSGDRGETGPAGPAGPIGPAGARGPAGPQGPRGDKGETGEQGDRGIKGHRGFSGLQGPPGSPGSPGEQGPSGASGPAGPRGPPGSAGAPGKDGVNGLPGPIGPPGPRGRTGDSGPAGPPGPPGPPGPPGPPSGGYDFSFLPQPPQEKAHDGGRYYRARQYSDKGVSSGPGPMGLMGPRGPPGAVGAPGPQGFQGPAGEPGEPGQTGPAGSRGPAGPPGKAGEDGHPGKPGRPGERGVVGPQGARGFPGTPGLPGFKGIRGHNGLDGLKGQPGAQGVKGEPGAPGENGTPGQAGARGLPGERGRVGAPGPAGARGSDGSVGPVGPAGPIGSAGPPGFPGAPGPKGELGPVGNPGPSGPAGPRGEVGLPGLSGPVGPPGNPGANGLTGAKGAAGLPGVAGAPGLPGPRGIPGPVGAAGATGARGLVGEPGPAGSKGETGNKGEPGSAGAQGPPGPSGEEGKRGSPGEPGSAGPGGPPGLRGSPGSRGLPGADGRAGVMGPPGNRGSSGPAGVRGPNGDAGRPGEPGLMGPRGLPGSPGNVGPAGKEGPVGLPGIDGRPGPIGPAGARGEAGNIGFPGPKGPSGDPGKAGDKGHPGLAGARGAPGPDGNNGAQGPPGPQGVQGGKGEQGPAGPPGFQGLPGPSGTAGEAGKPGERGLQGEFGLPGPAGPRGERGPPGESGAAGPSGPVGSRGPSGAPGPDGNKGEAGAVGAPGSAGASGPGGLPGERGAAGVPGGKGEKGETGLRGEIGNSGRDGARGAPGAVGAPGPGGATGDRGEAGAAGPSGPAGPRGSPGERGEVGPAGPNGFAGPAGAAGQPGAKGEKGTKGPKGENGVVGPSGPVGAAGPSGPNGPPGPIGSRGDGGPPGMTGFPGAAGRTGPPGPSGITGPPGPPGAAGKEGVRGPRGDQGPVGRTGETGASGPPGFTGEKGPSGEPGTAGPPGTAGPQGFLGPPGILGLPGSRGERGLPGIAGALGEPGPLGIAGPPGARGPPGAVGSPGVNGAPGEAGRDGNPGSDGAPGRDGQPGHKGERGYPGNIGPTGAAGAPGPHGSVGPAGKHGNRGEPGPAGSVGPVGAVGPRGPSGPQGIRGDKGEPGDKGPRGLPGLKGHNGLQGLPGLSGLHGDQGSPGPVGPAGPRGPAGPSGPAGKDGRSGHPGPVGPAGVRGSQGSQGPSGPPGPPGPPGPPGVSGGGYDFGFEGDFYRA,Peromyscus,Peromyscus maniculatus bairdii
8,QMSYGYDEKSAGVSVPGPMGPSGPRGLPGPPGAPGPQGFQGPPGEPGEPGASGPMGPRGPPGPPGKNGDDGEAGKPGRPGERGPPGPQGARGLPGTAGLPGMKGHRGFSGLDGAKGDTGPAGPKGEPGSPGENGAPGQMGPRGLPGERGRPGPAGAAGARGNDGAVGAAGPPGPTGPSGPPGFPGAVGAKGEAGPQGPRGSEGPQGVRGEPGPPGPAGAAGPAGNPGADGQPGAKGANGAPGIAGAPGFPGARGPSGPQGPSGPPGPKGNSGEPGAPGNKGDTGAKGDPGPAGVQGPPGPAGEEGKRGARGEPGPAGLPGPPGERGGPGSRGFPGADGVAGPKGPAGERGSPGPAGPKGSPGEAGRPGEAGLPGAKGLTGSPGSPGPDGKTGPPGPAGQDGRPGPAGPPGARGQAGVMGFPGPKGTAGEPGKAGERGVPGPPGPVGPAGKDGEAGAQGAPGPAGPAGERGEQGPAGSPGFQGLPGPAGPPGEAGKPGEQGVPGDLGAPGPSGARGERGFPGERGVQGPPGPAGPRGNNGAPGNDGAKGDTGAPGAPGSQGAPGLQGMPGERGAAGLPGPKGDRGDTGPKGADGSPGKDGVRGLTGPIGPPGPAGAAGDKGETGPSGPAGPTGARGAPGDRGEPGPPGPAGFAGPPGADGQPGPKGEPGDTGTKGDSGPPGPAGPAGPPGPIGNVGAPGPKGARGAAGPPGATGFPGAAGRVGPPGPSGNAGPPGPPGPVGKEGGKGPRGETGPAGRPGEVGPPGPPGPAGEKGAPGADGPAGSPGTPGPQGIAGQRGVVGLPGQRGERGFPGLPGPSGEPGKQGPSGSSGERGPPGPMGPPGLAGPPGESGREGAPGAEGSPGRDGSPGPKGDRGETGPSGPPGAPGAPGAPGPVGPAGKNGDRGETGPAGPPGPIGPAGSRGPAGPQGPRGDKGETGEQGERGIKGHRGFSGLQGPPGSPGSPGEQGPSGASGPAGPRGPPGSAGAPGKDGLNGLPGPIGPPGPRGRTGDAGPAGPPGPPGPPGPPGPSGGGFDFSFLPQPPQEKAHDGGRYYRARQYADKGVSSGPGPMGLMGPRGPPGAVGAPGPQGFQGPAGEPGEPGQTGPAGSRGPAGPPGKAGEDGHPGKPGRPGERGVVGPQGARGFPGTPGLPGFKGLRGHNGLDGLKGQPGAQGLKGEPGAPGENGTPGQAGARGLPGERGRVGAPGPAGARGSDGSVGPVGPAGPIGSAGPPGFPGAPGPKGELGPVGNPGPSGPAGPRGEVGLPGLSGPVGPPGNPGANGLTGAKGASGLPGVAGAPGLPGPRGIPGPVGAAGATGARGLVGEPGPAGSKGETGNKGEPGSAGAQGLPGPSGEEGKRGSPGESGSAGPAGPPGLRGSPGSRGLPGADGRAGVMGPPGPRGSTGPAGVRGPNGDAGRPGEPGLMGPRGLPGSPGNVGPSGKEGPVGLPGIDGRPGPIGPAGPRGEAGNIGFPGPKGPSGDAGKPGDKGHPGPAGARGAPGPDGNNGAQGPPGPQGVQGGKGEQGPAGPPGFQGLPGPSGAAGEAGKPGERGLPGEFGLPGPAGPRGERGPPGESGAAGPSGPIGSRGPSGAPGPDGNKGEAGAVGAPGTAGASGPGGLPGERGAAGIPGGKGEKGETGLRGEIGNPGRDGARGAPGAVGAPGPAGATGDRGEAGAAGPAGPPGPRGSPGERGEVGPAGPNGFAGPAGAAGQPGAKGEKGTKGPKGENGVVGPAGPVGAAGPSGPNGPPGPVGGRGDGGPPGMTGFPGAAGRTGPPGPSGITGPPGPPGAPGKEGIRGPRGDQGPVGRTGETGASGPPGFTGEKGPSGEPGTTGPPGTAGPQGLLGAPGILGLPGSRGERGLPGIAGSLGEPGPVGIAGPPGARGPPGAVGSPGVNGAPGEAGRDGNPGNDGPPGRDGLPGHKGERGYPGNIGPAGAVGAPGPHGSVGPAGKHGNRGEPGPAGSVGPVGAVGPRGPSGPQGIRGDKGEAGDKGPRGLPGIKGHNGLQGLPGLAGHHGDQGAPGPVGPAGPRGPAGPSGPVGKDGRSGHPGPVGPAGVRGSQGSQGPAGPPGPPGLPGPPGASGGGYDIGFDGDFYRA,Meriones,Meriones unguiculatus
9,QMSYGYDEKSAGVSVPGPMGPSGPRGLPGPPGAPGPQGFQGPPGEPGEPGGSGPMGPRGPPGPPGKNGDDGEAGKPGRPGERGPPGPQGARGLPGTAGLPGMKGHRGFSGLDGAKGDAGPAGPKGEPGSPGENGAPGQMGPRGLPGERGRPGPPGTAGARGNDGAVGAAGPPGPTGPTGPPGFPGAVGAKGEAGPQGARGSEGPQGVRGEPGPPGPAGAAGPAGNPGADGQPGAKGANGAPGIAGAPGFPGARGPSGPQGPSGPPGPKGNSGEPGAPGNKGDTGAKGEPGATGVQGPPGPAGEEGKRGARGEPGPSGLPGPPGERGGPGSRGFPGADGVAGPKGPSGERGAPGPAGPKGSPGEAGRPGEAGLPGAKGLTGSPGSPGPDGKTGPPGPAGQDGRPGPAGPPGARGQAGVMGFPGPKGTAGEPGKAGERGLPGPPGAVGPAGKDGEAGAQGAPGPAGPAGERGEQGPAGSPGFQGLPGPAGPPGEAGKPGEQGVPGDLGAPGPSGARGERGFPGERGVQGPPGPAGPRGNNGAPGNDGAKGDTGAPGAPGSQGAPGLQGMPGERGAAGLPGPKGDRGDAGPKGADGSPGKDGARGLTGPIGPPGPAGAPGDKGEAGPSGPPGPTGARGAPGDRGEAGPPGPAGFAGPPGADGQPGAKGEPGDTGVKGDAGPPGPAGPAGPPGPIGNVGAPGPKGPRGAAGPPGATGFPGAAGRVGPPGPSGNAGPPGPPGPVGKEGGKGPRGETGPAGRPGEVGPPGPPGPAGEKGSPGADGPAGSPGTPGPQGIAGQRGVVGLPGQRGERGFPGLPGPSGEPGKQGPSGSSGERGPPGPMGPPGLAGPPGESGREGSPGAEGSPGRDGAPGAKGDRGETGPAGPPGAPGAPGAPGPVGPAGKNGDRGETGPAGPAGPIGPAGARGPAGPQGPRGDKGETGEQGDRGIKGHRGFSGLQGPPGSPGSPGEQGPSGASGPAGPRGPPGSAGSPGKDGLNGLPGPIGPPGPRGRTGDSGPAGPPGPPGPPGPPGPPSGGYDFSFLPQPPQEKSQDGDRYYRARQYSDKGVSSGPGPMGLMGPRGPPGAVGAPGPQGFQGPAGEPGEPGQTGPAGPRGPAGSPGKAGEDGHPGKPGRPGERGVVGPQGARGFPGTPGLPGFKGVKGHSGMDGLKGQPGAQGVKGEPGAPGENGTPGQAGARGLPGERGRVGAPGPAGARGSDGSVGPVGPAGPIGSAGPPGFPGAPGPKGELGPVGNPGPAGPAGPRGEVGLPGLSGPVGPPGNPGTNGLTGAKGATGLPGVAGAPGLPGPRGIPGPAGAAGATGARGLVGEPGPAGSKGESGNKGEPGSVGAQGPPGPSGEEGKRGSPGEAGSAGPAGPPGLRGSPGSRGLPGADGRAGVMGPPGNRGSTGPAGIRGPNGDAGRPGEPGLMGPRGLPGSPGNVGPSGKEGPVGLPGIDGRPGPIGPAGPRGEAGNIGFPGPKGPSGDPGKPGERGHPGLAGARGAPGPDGNNGAQGPPGPQGVQGGKGEQGPAGPPGFQGLPGPSGTTGEVGKPGERGLPGEFGLPGPAGPRGERGTPGESGAAGPSGPIGSRGPSGAPGPDGNKGEAGAVGAPGSAGASGPGGLPGERGAAGIPGGKGEKGETGLRGDTGNTGRDGARGIPGAVGAPGPAGASGDRGEAGAAGPSGPAGPRGSPGERGEVGPAGPNGFAGPAGAAGQPGAKGEKGTKGPKGENGIVGPTGSVGAAGPSGPNGPPGPVGSRGDGGPPGMTGFPGAAGRTGPPGPSGIAGPPGPPGAAGKEGIRGPRGDQGPVGRTGETGASGPPGFVGEKGPSGEPGTAGAPGTAGPQGLLGAPGILGLPGSRGERGLPGIAGALGEPGPLGISGPPGARGPPGAVGSPGVNGAPGEAGRDGNPGSDGPPGRDGQPGHKGERGYPGSIGPTGAAGAPGPHGSVGPAGKHGNRGEPGPAGSVGPVGAVGPRGPSGPQGIRGDKGEPGDKGHRGLPGLKGYSGLQGLPGLAGLHGDQGAPGPVGPAGPRGPAGPSGPVGKDGRSGQPGPVGPAGVRGSQGSQGPAGPPGPPGPPGPPGVSGGGYDFGFEGDFYRA,Mus,Mus musculus
10,QMSYGYDEKSAGVSVPGPMGPSGPRGLPGPPGAPGPQGFQGPPGEPGEPGASGPMGPRGPPGPPGKNGDDGEAGKPGRPGERGPPGPQGARGLPGTAGLPGMKGHRGFSGLDGAKGDAGPAGPKGEPGSPGENGAPGQMGPRGLPGERGRPGPPGTAGARGNDGAVGAAGPPGPMGPAGPPGFPGAVGAKGEAGPQGTRGSEGPQGVRGEPGPPGPAGAAGPAGNPGADGQPGAKGANGAPGIAGAPGFPGARGPSGPQGPSGAPGPKGNSGEPGAPGNKGDTGAKGEPGPAGVQGPPGPAGEEGKRGARGEPGPSGLPGPPGERGGPGSRGFPGADGVAGPKGPAGERGAPGPAGPKGSPGEAGRPGEAGLPGAKGLTGSPGSPGPDGKTGPPGPAGQDGRPGPAGPPGARGQAGVMGFPGPKGTAGEPGKAGERGVPGPPGAVGPAGKDGEAGAQGAPGPAGPAGERGEQGPAGSPGFQGLPGPAGPPGEAGKPGEQGVPGDLGAPGPSGARGERGFPGERGVQGPPGPAGPRGNNGAPGNDGAKGDTGAPGAPGSQGAPGLQGMPGERGAAGLPGPKGDRGDAGPKGADGSPGKDGARGLTGPIGPPGPAGAPGDKGETGPSGPPGPTGARGAPGDRGEAGPPGPAGFAGPPGADGQPGAKGEPGDTGVKGDAGPPGPAGPAGPPGPIGNVGAPGPKGSRGAAGPPGATGFPGAAGRVGPPGPSGNAGPPGPPGPVGKEGGKGPRGETGPAGRPGEVGPPGPPGPAGEKGSPGADGPAGSPGTPGPQGIAGQRGVVGLPGQRGERGFPGLPGPSGEPGKQGPSGSSGERGPPGPMGPPGLAGPPGESGREGSPGAEGSPGRDGAPGAKGDRGETGPAGPPGAPGAPGAPGPVGPAGKSGDRGETGPAGPAGPIGPAGARGPAGPQGPRGDKGETGEQGDRGIKGHRGFSGLQGPPGSPGSPGEQGPSGASGPAGPRGPPGSAGSPGKDGLNGLPGPIGPPGPRGRTGDSGPAGPPGPPGPPGPPGPPSGGYDFSFLPQPPQEKAHDGGRYYRARQYSDKGVSSGPGPMGLMGPRGPPGAVGAPGPQGFQGPAGEPGEPGQTGPAGSRGPAGPPGKAGEDGHPGKPGRSGERGVVGPQGARGFPGTPGLPGFKGIRGHNGLDGLKGQPGAQGVKGEPGAPGENGTPGQAGARGLPGERGRVGAPGPAGARGSDGSVGPVGPAGPIGSAGPPGFPGAPGPKGELGPVGNPGPAGPAGPRGEVGLPGLSGPVGPPGNPGANGLTGAKGATGLPGVAGAPGLPGPRGIPGPVGAAGATGARGLVGEPGPAGSKGETGNKGEPGSAGAQGPPGPSGEEGKRGSPGEPGSAGPAGPPGLRGSPGSRGLPGADGRAGVMGPPGNRGSSGPAGVRGPNGDAGRPGEPGLMGPRGLPGSPGNVGPSGKEGPVGLPGIDGRPGPIGPAGPRGEAGNIGFPGPKGPSGDPGKPGDKGHPGLAGARGAPGPDGNNGAQGPPGPQGVQGGKGEQGPAGPPGFQGLPGPSGATGEVGKPGERGLPGEFGLPGPAGPRGERGPPGESGAAGPSGPIGSRGPSGAPGPDGNKGEAGAVGAPGSAGASGPGGLPGERGAAGIPGGKGEKGETGLRGEIGNTGRDGARGAPGAVGAPGPSGASGDRGEAGAAGPSGPAGPRGSPGERGEVGPAGPNGFAGPAGAAGQPGAKGEKGTKGPKGENGIVGPTGPVGAAGPSGPNGPPGPVGSRGDGGPPGMTGFPGAAGRTGPPGPSGITGPPGPPGAAGKEGIRGPRGDQGPVGRTGETGASGPPGFAGEKGPSGEPGTAGPPGTAGPQGLLGAPGILGLPGSRGERGLPGIAGALGEPGPLGIAGPPGARGPPGAVGSPGVNGAPGEAGRDGNPGSDGPPGRDGQPGPKGERGYPGSIGPTGAAGAPGPHGSVGPAGKHGNRGEPGPAGSVGPVGAVGPRGPSGPQGIRGDKGEPGDKGPRGLPGLKGHNGLQGLPGLAGLHGDQGAPGPVGPAGPRGPAGPSGPIGKDGRSGHPGPVGPAGVRGSQGSQGPAGPPGPPGLPGPPGISGGGYDFGFDAEFYRA,Mastomys,Mastomys coucha
11,QMSYGYDEKSAGVSVPGPMGPSGPRGLPGPPGAPGPQGFQGPPGEPGEPGGSGPMGPRGPPGPPGKNGDDGEAGKPGRPGERGPPGPQGARGLPGTAGLPGMKGHRGFSGLDGAKGDAGPAGPKGEPGSPGENGAPGQMGPRGLPGERGRPGPPGTAGARGNDGAVGAAGPPGPTGPTGPPGFPGAVGAKGEAGPQGARGSEGPQGVRGEPGPPGPAGAAGPAGNPGADGQPGAKGANGAPGIAGAPGFPGARGPSGPQGPSGPPGPKGNSGEPGAPGNKGDTGAKGEPGATGVQGPPGPAGEEGKRGARGEPGPSGLPGPPGERGGPGSRGFPGADGVAGPKGPSGERGSPGPAGPKGSPGEAGRPGEAGLPGAKGLTGSPGSPGPDGKTGPPGPAGQDGRPGPAGPPGARGQAGVMGFPGPKGTAGEPGKAGERGLPGPPGAVGPAGKDGEAGAQGAPGPAGPAGERGEQGPAGSPGFQGLPGPAGPPGEAGKPGEQGVPGDLGAPGPSGARGERGFPGERGVQGPPGPAGPRGNNGAPGNDGAKGDTGAPGAPGSQGAPGLQGMPGERGAAGLPGPKGDRGDAGPKGADGSPGKDGARGLTGPIGPPGPAGAPGDKGETGPSGPPGPTGARGAPGDRGEAGPPGPAGFAGPPGADGQPGAKGEPGDTGVKGDAGPPGPAGPAGPPGPIGNVGAPGAKGPRGAAGPPGATGFPGAAGRVGPPGPSGNAGPPGPPGPVGKEGGKGPRGETGPAGRPGEVGPPGPPGPAGEKGSPGADGPAGSPGTPGPQGIAGQRGVVGLPGQRGERGFPGLPGPSGEPGKQGPSGSSGERGPPGPMGPPGLAGPPGESGREGSPGAEGSPGRDGAPGAKGDRGETGPAGPPGAPGAPGAPGPVGPAGKNGDRGETGPAGPAGPIGPAGARGPAGPQGPRGDKGETGEQGDRGIKGHRGFSGLQGPPGAPGSPGEQGPSGASGPAGPRGPPGSAGSPGKDGLNGLPGPIGPPGPRGRTGDSGPAGPPGPPGPPGPPGPPSGGYDFSFLPQPPQEKSQDGGRYYRARQYSDKGVSSGPGPMGLMGPRGPPGAVGAPGPQGFQGPAGEPGEPGQTGPAGPRGPAGSPGKAGEDGHPGKPGRPGERGVVGPQGARGFPGTPGLPGFKGVRGHSGMDGLKGQPGAQGVKGEPGAPGENGTPGQAGARGLPGERGRVGAPGPAGARGSDGSVGPVGPAGPIGSAGPPGFPGAPGPKGELGPVGNPGPAGPAGPRGEVGLPGLSGPVGPPGNPGANGLTGAKGATGLPGVAGAPGLPGPRGIPGPAGAAGATGARGLVGEPGPAGSKGETGNKGEPGSVGAQGPPGPSGEEGKRGSPGEAGSAGPAGPPGLRGSPGSRGLPGADGRAGVMGPPGNRGSTGPAGVRGPNGDAGRPGEPGLMGPRGLPGSPGNVGPAGKEGPVGLPGIDGRPGPIGPAGPRGEAGNIGFPGPKGPSGDPGKPGERGHPGLAGARGAPGPDGNNGAQGPPGPQGVQGGKGEQGPAGPPGFQGLPGPSGTTGEVGKPGERGLPGEFGLPGPAGPRGERGTPGESGAAGPSGPIGSRGPSGAPGPDGNKGEAGAVGAPGSAGASGPGGLPGERGAAGIPGGKGEKGETGLRGDTGNTGRDGARGVPGAVGAPGPAGASGDRGEAGAAGPSGPAGPRGSPGERGEVGPAGPNGFAGPAGAAGQPGAKGEKGTKGPKGENGIVGPTGPVGAAGPSGPNGPPGPVGNRGDGGPPGMTGFPGAAGRTGPPGPSGITGPPGPPGAAGKEGIRGPRGDQGPVGRTGETGASGPPGFAGEKGPSGEPGTTGPPGTAGPQGLLGAPGILGLPGSRGERGLPGIAGALGEPGPLGISGPPGARGPPGAVGSPGVNGAPGEAGRDGNPGSDGPPGRDGQPGHKGERGYPGSIGPTGAAGAPGPHGSVGPAGKHGNRGEPGPAGSVGPVGAVGPRGPSGPQGIRGDKGEPGDKGHRGLPGLKGYSGLQGLPGLAGLHGDQGAPGPVGPAGPRGPAGPSGPVGKDGRSGHPGPVGPAGVRGSQGSQGPAGPPGPPGPPGPPGVSGGGYDFGFEGDFYRA,Mus,Mus caroli
12,QMSYGYDEKSAGVSVPGPMGPSGPRGLPGPPGAPGPQGFQGPPGEPGEPGASGPMGPRGPPGPPGKNGDDGEAGKPGRPGERGVPGPQGARGLPGTAGLPGMKGHRGFSGLDGAKGDAGPAGPKGEPGSPGENGAPGQMGPRGLPGERGRPGPPGPAGARGNDGATGTAGPPGPTGPTGPPGFPGAVGAKGEAGPQGARGSEGPQGIRGEPGPPGPAGAAGPAGNPGADGQPGAKGANGAPGIAGAPGFPGARGPSGPQGPSGAPGPKGNSGEPGAPGNKGDTGAKGETGPAGVQGPPGPAGEEGKRGARGEPGPTGLPGPPGERGGPGSRGFPGADGVAGPKGPAGERGSPGPAGPKGSPGEAGRPGEAGLPGAKGLTGSPGSPGPDGKTGPPGPAGQDGRPGPPGPPGARGQAGVMGFPGPKGTAGEPGKAGERGVPGPPGPVGPAGKDGEAGAQGAPGPAGPAGERGEQGPAGSPGFQGLPGPAGPPGEAGKPGEQGVPGDLGAPGPSGARGERGFPGERGVQGPPGPAGPRGNNGAPGNDGAKGDTGAPGAPGSQGAPGLQGMPGERGAAGLPGPKGDRGDAGPKGADGSPGKDGIRGLTGPIGPPGPAGAPGDKGETGPSGPAGPTGARGAPGDRGEPGPPGPAGFAGPPGADGQPGAKGEPGETGTKGDTGPPGPAGPAGPPGPIGNVGAPGPKGPRGSAGPPGATGFPGAAGRVGPPGPSGNAGPPGPPGPAGKEGGKGPRGETGPAGRPGEVGPPGPPGPAGEKGAPGADGPAGSPGTPGPQGIAGQRGVVGLPGQRGERGFPGLPGPSGEPGKQGPSGSSGERGPPGPMGPPGLAGPPGESGREGSPGAEGSPGRDGSPGPKGDRGETGPAGPPGAPGAPGAPGPVGPAGKSGDRGETGPAGPAGPIGPAGARGPAGPQGPRGDKGETGEQGDRGIKGHRGFSGLQGPPGSPGSPGEQGPSGASGPAGPRGPPGSAGAPGKDGLNGLPGPIGPPGPRGRTGDSGPAGPPGPPGPPGPPGPPSGGYDFSFLPQPPQEKAHDGGRYYRARQYSDKGVSSGPGPMGLMGPRGPPGAVGAPGPQGFQGPAGEPGEPGQTGPAGSRGPAGPPGKAGEDGHPGKPGRPGERGVVGPQGARGFPGTPGLPGFKGIRGHNGLDGLKGQPGAQGVKGEPGAPGENGTPGQAGARGLPGERGRVGAPGPAGARGSDGSVGPVGPAGPIGSAGPPGFPGAPGPKGELGPVGNPGPSGPAGPRGEVGLPGLSGPVGPPGNPGANGLTGAKGAAGLPGVAGAPGLPGPRGIPGPVGAAGATGARGLVGEPGPAGSKGETGNKGEPGSAGAQGPPGPSGEEGKRGSPGEPGSAGPGGPPGLRGSPGSRGLPGADGRAGVMGPPGNRGSSGPAGVRGPNGDAGRPGEPGLMGPRGLPGSPGNVGPAGKEGPVGLPGIDGRPGPIGPAGARGEAGNIGFPGPKGPSGDPGKAGDKGHPGLAGARGAPGPDGNNGAQGPPGPQGVQGGKGEQGPAGPPGFQGLPGPSGTAGEAGKPGERGLQGEFGLPGPAGPRGERGPPGESGAAGPSGPVGSRGPSGAPGPDGNKGEAGAVGAPGTAGASGPGGLPGERGAAGVPGGKGEKGETGLRGEIGNPGRDGARGAPGAVGAPGPGGATGDRGEAGAAGPSGPAGPRGSPGERGEVGPAGPNGFAGPAGAAGQPGAKGEKGTKGPKGENGIVGPTGPVGAAGPSGPNGPPGPIGSRGDGGPPGMTGFPGAAGRTGPPGPSGITGPPGPPGAAGKEGIRGPRGDQGPVGRTGETGASGPPGFTGEKGPSGEPGTAGPPGTAGPQGFLGPPGILGLPGSRGERGLPGIAGALGEPGPLGIAGPPGARGPPGAVGSPGVNGAPGEAGRDGNPGSDGAPGRDGQPGHKGERGYPGNIGPTGAAGAPGPHGSVGPAGKHGNRGEPGPVGSVGPVGAVGPRGPSGPQGIRGDKGEPGDKGPRGLPGLKGHNGLQGLPGLSGLHGDQGSPGPVGPAGPRGPAGPSGPAGKDGRSGHPGPVGPAGVRGSQGSQGPSGPPGPPGPPGPPGVSGGGYDFGFDGDFYRA,Onychomys,Onychomys torridus
13,QMSYGYDEKSAGVSVPGPMGPSGPRGLPGPPGAPGPQGFQGPPGEPGEPGASGPMGPRGPPGPPGKNGDDGEAGKPGRPGERGPPGPQGARGLPGTAGLPGMKGHRGFSGLDGAKGDAGPAGPKGEPGSPGENGAPGQMGPRGLPGERGRPGAPGPAGARGNDGATGAAGPPGPTGPTGPPGFPGAVGAKGEAGPQGARGSEGPQGIRGEPGPPGPAGAAGPAGNPGADGQPGAKGANGAPGIAGAPGFPGARGPSGPQGPSGAPGPKGNSGEPGAPGNKGDTGAKGEPGPAGVQGPPGPAGEEGKRGARGEPGPTGLPGPPGERGGPGSRGFPGADGVAGPKGPAGERGAPGPAGPKGSPGEAGRPGEAGLPGAKGLTGSPGSPGPDGKTGPPGPAGQDGRPGPPGPPGARGQAGVMGFPGPKGTAGEPGKTGERGIPGPPGPVGPAGKDGEAGAQGAPGPAGPAGERGEQGPAGSPGFQGLPGPAGPPGEAGKPGEQGVPGDLGAPGPSGARGERGFPGERGVQGPPGPAGPRGNNGAPGNDGAKGDTGAPGAPGSQGAPGLQGMPGERGAAGLPGPKGDRGDAGPKGADGSPGKDGVRGLTGPIGPPGPAGAPGDKGETGPSGPAGPTGARGAPGDRGEPGPPGPAGFAGPPGADGQPGAKGEPGETGTKGDSGPPGPAGPAGPPGPIGNVGAPGPKGARGSSGPPGATGFPGAAGRVGPPGPSGNAGPPGPPGPVGKEGGKGPRGETGPAGRPGEVGPPGPPGPAGEKGAPGADGPAGSPGTPGPQGIAGQRGVVGLPGQRGERGFPGLPGPSGEPGKQGPSGSSGERGPPGPMGPPGLAGPPGESGREGSPGAEGSPGRDGSPGPKGDRGETGPAGPPGAPGAPGAPGPVGPAGKNGDRGETGPAGPAGPIGPAGARGPAGPQGPRGDKGETGEQGDRGIKGHRGFSGLQGPPGSPGSPGEQGPSGASGPAGPRGPPGSAGAPGKDGLNGLPGPIGPPGPRGRTGDSGPVGPPGPPGPPGPPGPPSGGYDFSFLPQPPQEKAHDGGRYYRARQYLDKGVSSGPGPMGLMGPRGPPGAVGAPGPQGFQGPAGEPGEPGQTGPAGSRGPAGPPGKAGEDGHPGKPGRPGERGVVGPQGARGFPGTPGLPGFKGIRGHNGLDGLKGQPGAQGVKGEPGAPGENGTPGQAGARGLPGERGRVGAPGPAGARGSDGSVGPVGPAGPIGSAGPPGFPGAPGPKGELGPVGNPGPSGPAGPRGEVGLPGLSGPVGPPGNPGANGLTGAKGAAGLPGVAGAPGLPGPRGIPGPVGAAGATGARGLVGEPGPPGSKGETGNKGEPGSAGAQGPPGPSGEEGKRGSPGEPGSAGPAGPPGLRGSPGSRGLPGADGRAGVMGPPGNRGSSGPAGVRGPNGDAGRPGEPGLMGPRGLPGSPGNVGPSGKEGPVGLPGIDGRPGPIGPAGARGEAGNIGFPGPKGPSGDPGKAGDKGHPGLAGARGAPGPDGNNGAQGPPGPQGVQGGKGEQGPAGPPGFQGLPGPSGSAGEVGKPGERGLPGEFGLPGPAGPRGERGPPGESGAAGPSGPVGSRGPSGAPGPDGNKGEAGAVGAPGTAGASGPGGLPGERGAAGIPGGKGEKGETGLRGEIGNPGRDGARGAPGAVGAPGPAGATGDRGEAGAAGPSGPAGPRGSPGERGEVGPAGPNGFAGPAGAAGQPGAKGEKGTKGPKGENGVVGPAGPVGAAGPSGPNGPPGPAGGRGDGGPPGMTGFPGAAGRTGPPGPSGITGPPGPPGAAGKEGIRGPRGDQGPVGRTGETGASGPPGFAGEKGPSGEPGTAGPPGTPGPQGFLGPPGILGLPGSRGERGLPGVAGALGEPGPLGIAGPPGARGPPGAVGSPGVNGAPGEAGRDGNPGSDGAPGRDGQPGHKGERGYPGNIGPTGAAGAPGPHGTVGPAGKHGNRGEPGPAGSVGPAGAVGPRGPSGPQGIRGDKGEPGDKGPRGLPGFKGHNGLQGLPGLAGLHGDQGAPGPVGPAGPRGPAGPSGPVGKDGRSGHPGPVGPAGVRGSQGSQGPAGPPGPPGPPGPPGASGGGYDFGFEGDFYRA,Microtus,Microtus ochrogaster
14,QMSYGYDEKSAGVSVPGPMGPSGPRGLPGPPGAPGPQGFQGPPGEPGEPGASGPMGPRGPPGPPGKNGDDGEAGKPGRPGERGPPGPQGARGLPGTAGLPGMKGHRGFSGLDGAKGDTGPAGPKGEPGSPGENGAPGQMGPRGLPGERGRPGPPGSAGARGNDGAVGAAGPPGPTGPTGPPGFPGAAGAKGEAGPQGARGSEGPQGVRGEPGPPGPAGAAGPAGNPGADGQPGAKGANGAPGIAGAPGFPGARGPSGPQGPSGAPGPKGNSGEPGAPGNKGDTGAKGEPGPAGVQGPPGPAGEEGKRGARGEPGPSGLPGPPGERGGPGSRGFPGADGVAGPKGPAGERGSPGPAGPKGSPGEAGRPGEAGLPGAKGLTGSPGSPGPDGKTGPPGPAGQDGRPGPAGPPGARGQAGVMGFPGPKGTAGEPGKAGERGVPGPPGAVGPAGKDGEAGAQGAPGPAGPAGERGEQGPAGSPGFQGLPGPAGPPGEAGKPGEQGVPGDLGAPGPSGARGERGFPGERGVQGPPGPAGPRGNNGAPGNDGAKGDTGAPGAPGSQGAPGLQGMPGERGAAGLPGPKGDRGDAGPKGADGSPGKDGVRGLTGPIGPPGPAGAPGDKGETGPSGPAGPTGARGAPGDRGEPGPPGPAGFAGPPGADGQPGAKGEPGDTGVKGDAGPPGPAGPAGPPGPIGNVGAPGPKGTRGAAGPPGATGFPGAAGRVGPPGPSGNAGPPGPPGPVGKEGGKGPRGETGPAGRPGEVGPPGPPGPAGEKGSPGADGPAGSPGTPGPQGIAGQRGVVGLPGQRGERGFPGLPGPSGEPGKQGPSGASGERGPPGPMGPPGLAGPPGESGREGSPGAEGSPGRDGAPGAKGDRGETGPAGPPGAPGAPGAPGPVGPAGKNGDRGETGPAGPAGPIGPAGARGPAGPQGPRGDKGETGEQGDRGIKGHRGFSGLQGPPGSPGSPGEQGPSGASGPAGPRGPPGSAGSPGKDGLNGLPGPIGPPGPRGRTGDSGPAGPPGPPGPPGPPGPPSGGYDFSFLPQPPQEKSQDGGRYYRARQYSDKGVSAGPGPMGLMGPRGPPGAVGAPGPQGFQGPAGEPGEPGQTGPAGSRGPAGPPGKAGEDGHPGKPGRPGERGVVGPQGARGFPGTPGLPGFKGIRGHNGLDGLKGQPGAQGVKGEPGAPGENGTPGQAGARGLPGERGRVGAPGPAGARGSDGSVGPVGPAGPIGSAGPPGFPGAPGPKGELGPVGNPGPAGPAGPRGEAGLPGLSGPVGPPGNPGANGLTGAKGATGLPGVAGAPGLPGPRGIPGPVGAAGATGPRGLVGEPGPAGSKGETGNKGEPGSAGAQGPPGPSGEEGKRGSPGEPGSAGPAGPPGLRGSPGSRGLPGADGRAGVMGPPGNRGSTGPAGVRGPNGDAGRPGEPGLMGPRGLPGSPGNVGPAGKEGPVGLPGIDGRPGPIGPAGPRGEAGNIGFPGPKGPSGDPGKPGEKGHPGLAGARGAPGPDGNNGAQGPPGPQGVQGGKGEQGPAGPPGFQGLPGPSGTAGEVGKPGERGLPGEFGLPGPAGPRGERGPPGESGAAGPSGPIGSRGPSGAAGPDGNKGEAGAVGAPGSAGASGPGGLPGERGAAGIPGGKGEKGETGLRGEIGNPGRDGARGAPGAIGAPGPAGASGDRGEAGAAGPSGPAGPRGSPGERGEVGPAGPNGFAGPAGSAGQPGAKGEKGTKGPKGENGIVGPTGPVGAAGPSGPNGPPGPAGTRGDGGPPGMTGFPGAAGRTGPPGPSGITGPPGPPGAAGKEGIRGPRGDQGPVGRTGEIGASGPPGFAGEKGPSGEPGTAGPPGTAGPQGLLGAPGILGLPGSRGERGLPGIAGALGEPGPLGIAGPPGARGPPGAVGSPGVNGAPGEAGRDGNPGSDGPPGRDGQPGHKGERGYPGNIGPTGAAGAPGPHGSVGPAGKHGNRGEPGPAGSVGPVGAVGPRGPSGPQGIRGDKGEPGDKGARGLPGLKGHNGLQGLPGLAGLHGDQGAPGPVGPAGPRGPAGPSGPVGKDGRSGHPGPVGPAGVRGSQGSQGPAGPPGPPGPPGPPGVSGGGYDFGFEGDFYRA,Rattus,Rattus rattus
15,QMSYGYDEKSAGVSVPGPMGPSGPRGLPGPPGSPGPQGFQGPPGEPGEPGASGPMGPRGPPGPPGKNGDDGEAGKPGRPGERGPPGPQGARGLPGTAGLPGMKGHRGFSGLDGAKGDAGPAGPKGEPGSPGENGAPGQMGPRGLPGERGRPGPPGSAGARGNDGATGAAGPPGPTGPTGPPGFPGAVGAKGEAGPQGARGSEGPQGIRGEPGPPGPAGAAGPAGNPGADGQPGAKGANGAPGIAGAPGFPGARGPSGPQGPSGAPGPKGNSGEPGAPGNKGDTGAKGEPGPAGVQGPPGPAGEEGKRGARGEPGPTGLPGPPGERGGPGSRGFPGADGVAGPKGPAGERGSPGPAGPKGSPGEAGRPGEAGLPGAKGLTGSPGSPGPDGKTGPPGPAGQDGRPGPPGPPGARGQAGVMGFPGPKGTAGEPGKAGERGVPGPPGPVGPAGKDGEAGAQGAPGPAGPAGERGEQGPAGSPGFQGLPGPAGPPGEAGKPGEQGVPGDLGAPGPSGARGERGFPGERGVQGPPGPAGPRGNNGAPGNDGAKGDTGAPGAPGSQGAPGLQGMPGERGAAGLPGPKGDRGDAGPKGADGTPGKDGPRGLTGPIGPPGPAGAPGDKGETGPSGPAGPTGARGAPGDRGEPGPPGPAGFAGPPGADGQPGAKGEPGETGTKGDTGPPGPAGPAGPPGPIGNVGAPGPKGPRGSAGPPGATGFPGAAGRVGPPGPSGNAGPPGPPGPVGKEGGKGPRGETGPAGRPGEVGPPGPPGPAGEKGAPGADGPAGSPGTPGPQGIAGQRGVVGLPGQRGERGFPGLPGPSGEPGKQGPSGSSGERGPPGPMGPPGLAGPPGESGREGSPGAEGSPGRDGSPGPKGDRGETGPAGPPGAPGAPGAPGPVGPAGKSGDRGETGPAGPAGPIGPAGARGPAGPQGPRGDKGETGEQGDRGIKGHRGFSGLQGPPGSPGSPGEQGPSGASGPAGPRGPPGSAGAPGKDGINGLPGPIGPPGPRGRTGDSGPAGPPGPPGPPGPPGPPSGGYDFSFLPQPPQEKAHDGGRYYRARQYSDKGVSSGPGPMGLMGPRGPPGAVGAPGPQGFQGPAGEPGEPGQTGPAGSRGPAGPPGKAGEDGHPGKPGRPGERGVVGPQGARGFPGTPGLPGFKGIRGHNGLDGLKGQPGAQGVKGEPGAPGENGTPGQAGARGLPGERGRVGAPGPAGARGSDGSVGPVGPAGPIGSAGPPGFPGAPGPKGELGPVGNPGPSGPAGPRGEVGLPGLSGPVGPPGNPGANGLTGAKGAAGLPGVAGAPGLPGPRGIPGPVGAAGATGARGLVGEPGPAGSKGETGNKGEPGSAGAQGPPGPSGEEGKRGSPGEPGSAGPGGPPGLRGSPGSRGLPGADGRAGVMGPPGNRGSSGPAGVRGPNGDAGRPGEPGLMGPRGLPGSPGNVGPAGKEGPVGLPGIDGRPGPIGPAGARGEAGNIGFPGPKGPSGDPGKAGDKGHPGLAGARGAPGPDGNNGAQGPPGPQGVQGGKGEQGPAGPPGFQGLPGPSGTAGEAGKPGERGLQGEFGLPGPAGPRGERGPPGESGAAGPSGPVGSRGPSGAPGPDGNKGEAGAVGAPGSAGASGPGGLPGERGAAGVPGGKGEKGETGLRGEIGNSGRDGARGAPGAVGAPGPGGATGDRGEAGAAGPSGPAGPRGSPGERGEVGPAGPNGFAGPAGAAGQPGAKGEKGTKGPKGENGVVGPTGPVGAAGPSGPNGPPGPIGSRGDGGPPGMTGFPGAAGRTGPPGPSGITGPPGPPGAAGKEGVRGPRGDQGPVGRTGETGASGPPGFTGEKGPSGEPGTAGPPGTAGPQGFLGPPGILGLPGSRGERGLPGIAGALGEPGPLGIAGPPGARGPPGAVGSPGVNGAPGEAGRDGNPGSDGAPGRDGQPGHKGERGYPGNIGPTGAAGAPGPHGSVGPAGKHGNRGEPGPAGSVGPVGAVGPRGPSGPQGIRGDKGEPGDKGPRGLPGLKGHNGLQGLPGLSGLHGDQGSPGPVGPAGPRGPAGPSGPAGKDGRSGHPGPVGPAGVRGSQGSQGPSGPPGPPGPPGPPGVSGGGYDFGFDGDFYRA,Peromyscus,Peromyscus leucopus
16,QMSYGYDEKSAGVSVPGPMGPSGPRGLPGPPGAPGPQGFQGPPGEPGEPGASGPMGPRGPPGPPGKNGDDGEAGKPGRAGERGPPGPQGARGLPGTAGLPGMKGHRGFSGLDGAKGDTGPAGPKGEPGSPGENGAPGQMGPRGLPGERGRPGAPGPAGARGNDGATGAAGPPGPTGPTGPPGFPGAVGAKGEAGPQGARGSEGPQGVRGEPGPPGPAGAAGPAGNPGADGQPGAKGANGAPGIAGAPGFPGARGPSGPQGPSGAPGPKGNSGEPGAPGNKGDTGAKGEPGPAGVQGPPGPAGEEGKRGARGEPGPTGLPGPPGERGGPGSRGFPGADGVAGPKGPAGERGSPGPAGPKGSPGEAGRPGEAGLPGAKGLTGSPGSPGPDGKTGPPGPAGQDGRPGPAGPPGARGQAGVMGFPGPKGTAGEPGKAGERGVPGPPGPAGPAGKDGEAGAQGAPGPAGPAGERGEQGPAGSPGFQGLPGPAGPPGEAGKPGEQGVPGDLGAPGPSGARGERGFPGERGVQGPPGPAGPRGNNGAPGNDGAKGDTGAPGAPGSQGAPGLQGMPGERGAAGLPGPKGDRGDAGPKGADGSPGKDGVRGLTGPIGPPGPAGAPGDKGETGPSGPAGPTGARGAPGDRGEPGPPGPAGFAGPPGADGQPGAKGEPGETGTKGDSGPPGPAGPAGPPGPIGNVGAPGPKGARGAAGPPGATGFPGAAGRVGPPGPSGNAGPPGPPGPVGKEGGKGPRGETGPAGRPGEVGPPGPPGPAGEKGAPGADGPAGSPGTPGPQGIAGQRGVVGLPGQRGERGFPGLPGPSGEPGKQGPSGSSGERGPPGPMGPPGLAGPPGESGREGSPGAEGSPGRDGAPGPKGDRGETGPAGPPGAPGAPGAPGPVGPAGKSGDRGETGPAGPAGPIGPAGARGPAGPQGPRGDKGETGEQGDRGIKGHRGFSGLQGPPGSPGSPGEQGPSGASGPAGPRGPPGSAGAPGKDGLNGLPGPIGPPGPRGRTGDSGPAGPPGPPGPPGPPGPPSGGYDFSFMPQPSQEKSHDGGRYYRARQYSDKGVSSGPGPMGLMGPRGPPGAVGAPGPQGFQGPAGEPGEPGQTGPAGSRGPAGPPGKAGEDGHPGKPGRPGERGVVGPQGARGFPGTPGLPGFKGLRGHNGLDGLKGQPGAQGVKGEPGAPGENGTPGQAGARGLPGERGRVGAPGPAGARGSDGSVGPVGPAGPIGSAGPPGFPGAPGPKGELGPVGNPGPSGPAGPRGEVGLPGLSGPVGPPGNPGANGLTGAKGAAGLPGVAGAPGLPGPRGIPGPAGAAGATGARGLVGEPGPAGSKGETGNKGEPGSAGAQGPPGPSGEEGKRGSPGEPGSAGPGGPPGLRGSPGSRGLPGADGRAGVMGPPGNRGSSGPAGVRGPNGDPGRPGEPGLMGPRGLPGSPGNVGPAGKEGPVGLPGIDGRPGPIGPAGPRGEAGNIGFPGPKGPSGDPGKAGEKGHPGLAGARGAPGPDGNNGAQGPPGPQGVQGGKGEQGPAGPPGFQGLPGPSGTTGEVGKPGERGLPGEFGLPGPAGPRGERGPPGESGAAGPSGPIGSRGPSGAPGPDGNKGEAGAVGAPGTAGASGPGGLPGERGAAGVPGGKGEKGETGLRGEIGNPGRDGARGAPGAVGAPGPAGATGDRGEAGAAGPSGPAGPRGSPGERGEVGPAGPNGFAGPAGAAGQPGAKGEKGTKGPKGENGVVGPAGPVGAAGPSGPNGPPGPAGGRGDGGPPGMTGFPGAAGRTGPPGPSGITGPPGPPGAAGKEGVRGPRGDQGPVGRTGETGASGPPGFAGEKGPSGEPGSTGAPGTPGPQGFLGPPGILGLPGSRGERGLPGVAGALGEPGPLGIAGPPGARGPPGAVGSPGVNGAPGEAGRDGNPGSDGAPGRDGQPGHKGERGYPGNIGPTGAAGAPGPHGSVGPAGKHGNRGEPGPAGSVGPVGAAGPRGPSGPQGVRGDKGEPGDKGARGLPGFKGHNGLQGLPGLAGQHGDQGAPGPVGPAGPRGPAGPSGPVGKDGRSGHPGPVGPAGVRGSQGSQGPSGPPGPPGPPGPPGASGGGYDFGFEGDFYRA,Mesocricetus,Mesocricetus auratus
17,QMSYGYDEKSAGVSMPGPMGPSGPRGLPGPPGAPGPQGFQGPPGEPGEPGASGPMGPRGPPGPPGKNGDDGEAGKPGRPGERGPPGPQGARGLPGTAGLPGMKGHRGFSGLDGAKGDAGPAGPKGEPGSPGENGAPGQMGPRGLPGERGRPGPPGTAGARGNDGAVGAAGPPGPTGPTGPPGFPGAVGAKGEAGPQGSRGSEGPQGVRGEPGPPGPAGAAGPAGNPGADGQPGAKGANGAPGIAGAPGFPGARGPSGPQGPSGAPGPKGNSGEPGAPGNKGDTGAKGEPGPAGVQGPPGPAGEEGKRGARGEPGPSGLPGPPGERGGPGSRGFPGADGIAGPKGPAGERGSPGPAGPKGSPGEAGRPGEAGLPGAKGLTGSPGSPGPDGKTGPPGPAGQDGRPGPAGPPGARGQAGVMGFPGPKGAAGEPGKAGERGVPGPPGAVGPAGKDGEAGAQGAPGPAGPAGERGEQGPAGSPGFQGLPGPAGPPGEAGKPGEQGVPGDLGAPGPSGARGERGFPGERGVQGPPGPAGPRGNNGAPGNDGAKGDTGAPGAPGSQGAPGLQGMPGERGAAGLPGPKGDRGDAGPKGADGSPGKDGARGLTGPIGPPGPAGAPGDKGETGPSGPPGPTGARGAPGDRGEAGPPGPAGFAGPPGADGQPGAKGEPGDTGVKGDAGPPGPAGPAGPPGPIGNVGAPGPKGSRGAAGPPGATGFPGAAGRVGPPGPSGNAGPPGPPGPVGKEGGKGPRGETGPAGRPGEVGPPGPPGPAGEKGSPGADGPAGSPGTPGPQGIAGQRGVVGLPGQRGERGFPGLPGPSGEPGKQGPSGASGERGPPGPMGPPGLAGPPGESGREGSPGAEGSPGRDGAPGAKGDRGEVGPPGPPGAPGAPGAPGPVGPAGKSGERGETGPAGPAGPIGPAGARGPTGPQGPRGDKGETGEQGDRGIKGHRGFSGLQGPPGAPGSPGEQGPSGASGPAGPRGPPGSAGSPGKDGLNGLPGPIGPPGPRGRTGDSGPAGPPGPPGPPGPPGPPSGGYDFSFLPQPPQEKAHDGGRYYRARQYSDKGVSAGPGPMGLMGPRGPPGAVGAPGPQGFQGPAGEPGEPGQTGPAGSRGPAGPPGKAGEDGHPGKPGRPGERGVVGPQGARGFPGTPGLPGFKGIRGHNGLDGLKGQPGAQGVKGEPGAPGENGTPGLAGARGLPGERGRVGAPGPAGARGSDGSVGPVGPAGPIGSAGPPGFPGAPGPKGEIGPVGNPGPAGPAGPRGEVGLPGLSGPVGPPGNPGANGLTGAKGATGLPGVAGAPGLPGPRGIPGPVGAAGATGPRGLVGEPGPAGSKGETGNKGEPGSAGAQGPPGPSGEEGKRGSPGEPGSAGPAGPPGLRGSPGSRGLPGADGRAGVMGPPGNRGSTGPAGVRGPNGDAGRPGEPGLMGPRGLPGSPGTVGPAGKEGPVGLPGIDGRPGPIGPAGPRGEAGNIGFPGPKGPSGDPGKPGDKGHPGLAGARGAPGPDGNNGAQGPPGPQGVQGGKGEQGPAGPPGFQGLPGPSGATGEVGKPGERGLPGEFGLPGPAGPRGERGPPGESGAAGPSGPIGSRGPSGAPGPDGNKGEAGAVGAPGSAGASGPGGLPGERGAAGIPGGKGEKGETGLRGDTGNTGRDGARGAPGAVGAPGPAGASGDRGEAGSPGPSGPAGPRGSPGERGEVGPAGPNGFAGPAGAAGQPGAKGEKGTKGPKGENGIVGPAGPVGAAGPSGPNGPPGPAGSRGDGGPPGMTGFPGAAGRTGPPGPSGITGPPGPPGAAGKEGIRGPRGDQGPVGRTGETGASGPPGFAGEKGPSGEPGTAGPPGTAGPQGLLGAPGILGLPGSRGERGLPGIAGALGEPGPLGIAGPPGARGPPGAVGSPGVNGAPGEAGRDGNPGNDGPPGRDGQAGPKGERGYPGSIGPTGAAGAPGPHGSVGPAGKHGNRGEPGPAGSVGPVGAVGPRGPTGPQGIRGDKGEPGDKGPRGLPGLKGHNGLQGLPGLAGLHGDQGAPGPVGPAGPRGPAGPSGPVGKDGRSGHPGPVGPAGVRGSQGSQGPAGPPGPAGPPGPPGVSGGGYDFGFEGDFYRA,Arvicanthis,Arvicanthis niloticus
18,QMSYGYDEKSAGVSVPGPMGPSGPRGLPGPPGAPGPQGFQGPPGEPGEPGASGPMGPRGPPGPPGKNGDDGEAGKPGRPGERGPPGPQGARGLPGTAGLPGMKGHRGFSGLDGAKGDAGPAGPKGEPGSPGENGAPGQMGPRGLPGERGRPGAPGPAGARGNDGATGAAGPPGPTGPAGPPGFPGAVGAKGEAGPQGARGSEGPQGVRGEPGPPGPAGAAGPAGNPGADGQPGAKGANGAPGIAGAPGFPGARGPSGPQGPSGPPGPKGNSGEPGAPGNKGDTGAKGEPGPTGVQGPPGPAGEEGKRGARGEPGPAGLPGPPGERGGPGSRGFPGADGVAGPKGPAGERGSPGPAGPKGSPGEAGRPGEAGLPGAKGLTGSPGSPGPDGKTGPPGPAGQDGRPGPPGPPGARGQAGVMGFPGPKGAAGEPGKAGERGVPGPPGAVGPAGKDGEAGAQGPPGPAGPAGERGEQGPAGSPGFQGLPGPAGPPGEAGKPGEQGVPGDLGAPGPSGARGERGFPGERGVQGPPGPAGPRGSNGAPGNDGAKGDAGAPGAPGSQGAPGLQGMPGERGAAGLPGPKGDRGDAGPKGADGSPGKDGVRGLTGPIGPPGPAGAPGDKGETGPSGPAGPTGARGAPGDRGEPGPPGPAGFAGPPGADGQPGAKGEPGDAGAKGDAGPPGPAGPAGPPGPIGNVGAPGPKGARGSAGPPGATGFPGAAGRVGPPGPSGNAGPPGPPGPAGKEGGKGPRGETGPAGRPGEVGPPGPPGPAGEKGSPGADGPAGAPGTPGPQGIAGQRGVVGLPGQRGERGFPGLPGPSGEPGKQGPSGASGERGPPGPMGPPGLAGPPGESGREGSPGAEGSPGRDGSPGPKGDRGETGPAGPPGAPGAPGAPGPVGPAGKSGDRGETGPAGPAGPIGPAGARGPAGPQGPRGDKGETGEQGDRGIKGHRGFSGLQGPPGPPGSPGEQGPSGASGPAGPRGPPGSAGSPGKDGLNGLPGPIGPPGPRGRTGDAGPVGPPGPPGPPGPPGPPSGGFDFSFMPQPPQEKAGDGRYYRARQYDGKGVGMGPGPMGLMGPRGPPGAAGAPGPQGFQGPAGEPGEPGQTGPAGARGPPGAPGKAGEDGHPGKPGRPGERGVVGPQGARGFPGTPGLPGFKGIRGHNGLDGLKGQPGAQGVKGEPGAPGENGTPGQAGARGLPGERGRVGAPGPAGARGSDGSVGPVGPAGPIGSAGPPGFPGAPGPKGEIGPVGNPGPSGPAGPRGEVGLPGLSGPVGPPGNPGANGLAGAKGAAGLPGVAGAPGLPGPRGIPGPVGAAGATGARGLVGEPGPAGSKGESGNKGEPGSAGPQGPPGPSGEEGKRGPNGEPGSAGPAGPPGLRGNPGSRGLPGADGRAGVMGPPGNRGATGPAGVRGPNGDSGRPGEPGLMGPRGLPGSPGNVGPAGKEGPVGLPGIDGRPGPIGPAGARGEAGNIGFPGPKGPTGDPGKSGDKGHPGLAGARGAPGPDGNNGAQGPPGPQGVQGGKGEQGPAGPPGFQGLPGPSGTTGEVGKPGERGIPGEFGLPGPAGPRGERGPPGESGAVGPAGPIGSRGPSGPPGPDGNKGEPGVVGAPGTAGASGPGGLPGERGAAGIPGGKGEKGEPGLRGEIGNPGRDGARGAPGAVGAPGPAGATGDRGEAGAAGPAGPAGPRGSPGERGEVGPAGPNGFAGPAGAAGQPGAKGERGTKGPKGENGVVGPAGPVGAAGPSGPNGPPGPAGGRGDGGPPGMTGFPGAAGRTGPPGPSGITGPPGPPGAAGKEGLRGPRGDQGPVGRTGETGASGPPGFTGEKGPAGEPGTAGPPGTPGPQGLLGAPGILGLPGSRGERGLPGIAGALGEPGPLGIAGPPGARGPPGAVGSPGVNGAPGEAGRDGNPGSDGPPGRDGQPGHKGERGYPGNIGPAGAAGAPGPHGTVGPAGKHGNRGEPGPAGSVGPVGAVGPRGPSGPQGVRGDKGEPGDKGPRGLPGLKGHNGLQGLPGLAGQHGDQGSPGPVGPAGPRGPAGPSGPAGKDGRSGHPGSVGPAGVRGSQGSQGPAGPPGPPGPPGPPGVSGGGYDFGYEGDFYRA,Urocitellus,Urocitellus parryii
19,QMSYGYDEKSAGVSVPGPMGPSGPRGLPGPPGAPGPQGFQGPPGEPGEPGASGPMGPRGPPGPPGKNGDDGEAGKPGRPGERGPPGPQGARGLPGTAGLPGMKGHRGFSGLDGAKGDAGPAGPKGEPGSPGENGAPGQMGPRGLPGERGRPGAPGPAGARGNDGATGAAGPPGPTGPAGPPGFPGAVGAKGEAGPQGARGSEGPQGVRGEPGPPGPAGAAGPAGNPGADGQPGAKGANGAPGIAGAPGFPGARGPSGPQGPSGPPGPKGNSGEPGAPGNKGDTGAKGEPGPTGVQGPPGPAGEEGKRGARGEPGPAGLPGPPGERGGPGSRGFPGADGVAGPKGPAGERGSPGPAGPKGSPGEAGRPGEAGLPGAKGLTGSPGSPGPDGKTGPPGPAGQDGRPGPPGPPGARGQAGVMGFPGPKGAAGEPGKAGERGVPGPPGAVGPAGKDGEAGAQGPPGPAGPAGERGEQGPAGSPGFQGLPGPAGPPGEAGKPGEQGVPGDLGAPGPSGARGERGFPGERGVQGPPGPAGPRGSNGAPGNDGAKGDAGAPGAPGSQGAPGLQGMPGERGAAGLPGPKGDRGDAGPKGADGSPGKDGVRGLTGPIGPPGPAGAPGDKGETGPSGPAGPTGARGAPGDRGEPGPPGPAGFAGPPGADGQPGAKGEPGDAGAKGDAGPPGPAGPAGPPGPIGNVGAPGPKGARGSAGPPGATGFPGAAGRVGPPGPSGNAGPPGPPGPAGKEGGKGPRGETGPAGRPGEVGPPGPPGPAGEKGSPGADGPAGAPGTPGPQGIAGQRGVVGLPGQRGERGFPGLPGPSGEPGKQGPSGASGERGPPGPMGPPGLAGPPGESGREGAPGAEGSPGRDGSPGPKGDRGETGPAGPPGAPGAPGAPGPVGPAGKSGDRGETGPAGPAGPIGPAGARGPAGPQGPRGDKGETGEQGDRGIKGHRGFSGLQGPPGPPGSPGEQGPSGASGPAGPRGPPGSAGSPGKDGLNGLPGPIGPPGPRGRTGDAGPVGPPGPPGPPGPPGPPSGGFDFSFMPQPPQEKAGDGRYYRARQYDGKGVGMGPGPMGLMGPRGPPGAAGAPGPQGFQGPAGEPGEPGQTGPAGARGPPGAPGKAGEDGHPGKPGRPGERGVVGPQGARGFPGTPGLPGFKGIRGHNGLDGLKGQPGAQGVKGEPGAPGENGTPGQAGARGLPGERGRVGAPGPAGARGSDGSVGPVGPAGPIGSAGPPGFPGAPGPKGEIGPVGNPGPSGPAGPRGEVGLPGLSGPVGPPGNPGANGLTGAKGAAGLPGVAGAPGLPGPRGIPGPVGAAGATGARGLVGEPGPAGSKGESGNKGEPGSAGPQGPPGPSGEEGKRGPNGEPGSAGPAGPPGLRGNPGSRGLPGADGRAGVMGPPGNRGATGPAGVRGPNGDSGRPGEPGLMGPRGLPGSPGNVGPAGKEGPVGLPGIDGRPGPIGPAGARGEAGNIGFPGPKGPTGDPGKSGDKGHPGLAGARGAPGPDGNNGAQGPPGPQGVQGGKGEQGPAGPPGFQGLPGPSGTTGEVGKPGERGIPGEFGLPGPAGPRGERGPPGESGAVGPAGPIGSRGPSGPPGPDGNKGEPGVVGAPGTAGASGPGGLPGERGAAGIPGGKGEKGEPGLRGEIGNPGRDGARGAPGAVGAPGPAGATGDRGEAGAAGPAGPAGPRGSPGERGEVGPAGPNGFAGPAGAAGQPGAKGERGTKGPKGENGVVGPTGPVGAAGPSGPNGPPGPAGGRGDGGPPGMTGFPGAAGRTGPPGPSGITGPPGPPGAAGKEGLRGPRGDQGPVGRTGETGASGPPGFTGEKGPSGEPGTAGPPGTPGPQGLLGAPGILGLPGSRGERGLPGIAGALGEPGPLGIAGPPGARGPPGAVGSPGVNGAPGEAGRDGNPGNDGPPGRDGQPGHKGERGYPGNIGPAGAAGAPGPHGTVGPAGKHGNRGEPGPAGSVGPVGAVGPRGPSGPQGVRGDKGEPGDKGPRGLPGIKGHNGLQGLPGLAGQHGDQGSPGPVGPAGPRGPAGPSGPVGKDGRSGHPGSVGPAGVRGSQGSQGPAGPPGPPGPPGPPGVSGGGYDFGYEGDFYRA,Marmota,Marmota marmota marmota
20,QMSYGYDEKSVGAAVPGPMGPSGPRGLPGPPGAPGPQGFQGPPGEPGEPGASGPMGPRGPPGPPGKNGDDGEAGKPGRPGERGPPGPQGARGLPGTAGLPGMKGHRGFSGLDGAKGDAGPAGPKGEPGSPGENGAPGQMGPRGLPGERGRPGPPGSAGARGNDGATGAAGPPGPTGPAGPPGFPGAVGAKGESGPQGARGSEGPQGARGEPGPPGPAGAAGPAGNPGADGQPGAKGANGAPGIAGAPGFPGARGPSGPQGPSGQPGPKGNSGEPGAPGNKGDTGAKGEPGPAGVQGPPGPAGEEGKRGARGEPGPTGLPGPPGERGGPGSRGFPGADGVAGPKGPAGERGSPGPAGPKGSPGEAGRPGEAGLPGAKGLTGSPGSPGPDGKTGPPGPAGQDGRPGPPGPPGARGQAGVMGFPGPKGAAGEPGKAGERGVPGPPGAVGLAGKDGEAGAQGPPGPAGPSGERGEQGPAGSPGFQGLPGPSGPPGEAGKPGEQGVPGDLGAPGPSGARGERGFPGERGVQGPPGPAGPRGSNGAPGNDGAKGDAGAPGAPGSQGAPGLQGMPGERGAAGLPGPKGDRGDAGPKGADGTPGKDGPRGLTGPIGPPGPAGAPGDKGESGPSGPAGPTGARGAPGDRGEPGPPGPAGFAGPPGADGQPGAKGEPGDAGAKGDAGPPGPAGPAGPPGPIGNVGAPGPKGARGSAGPPGATGFPGAAGRVGPPGPSGNAGPPGPPGPAGKEGAKGIRGETGPAGRPGEVGPPGPPGPAGEKGSPGADGPAGAPGTPGPQGIAGQRGVVGLPGQRGERGFPGLPGPSGEPGKQGPSGASGERGPPGPMGPPGLAGPPGESGREGSPGAEGSPGRDGSPGPKGDRGETGPAGPPGAPGAPGAPGPVGPAGKNGDRGETGPAGPAGPIGPAGARGPAGPQGPRGDKGETGEQGDRGIKGHRGFSGLQGPPGPAGSPGEQGPSGASGPAGPRGPPGSAGSPGKDGLNGLPGPIGPPGPRGRTGDAGPVGPPGPPGPPGPPGPPSGGYDLSFLPQPPQEKSGDGRYYRARQYDGKGVGLGPGPMGLMGPRGPPGAVGAPGPQGFQGPAGEPGEPGQTGPAGSRGPAGPPGKAGEDGHPGKPGRPGERGVVGPQGARGFPGTPGLPGFKGPRGHNGMDGLKGQAGAPGVKGEPGAPGENGTPGQAGARGLPGERGRVGAPGPAGARGSDGSVGPVGPAGPIGAAGPPGFPGAPGPKGEIGPVGNTGPSGPAGPRGEIGLPGLSGPVGPPGNPGANGLAGSKGAAGLPGVAGAPGLPGPRGIPGPPGAAGATGARGLVGDPGPAGSKGETGNKGEPGSAGAQGPPGPSGEEGKRGSNGEAGSAGPPGPPGLRGSPGSRGLPGADGRAGVMGPPGSRGATGPAGVRGPSGDAGRPGEPGLMGPRGLPGSPGNVGPAGKEGPVGLPGIDGRPGPIGPAGARGEAGNIGFPGPKGPTGDPGKSGDKGHPGLAGARGAPGPDGNNGAQGPPGPQGVQGGKGEQGPAGPPGFQGLPGPSGPTGEVGKPGERGLPGEFGLPGPAGARGERGPPGESGAVGPSGPIGSRGPSGPPGPDGNKGEPGVVGAPGTAGASGPGGLPGERGAAGIPGGKGEKGETGHRGEPGNTGRDGARGAPGAIGAPGPAGATGDRGEAGAAGPAGPAGPRGSPGERGEVGPAGPNGFAGPAGAAGQPGAKGERGTKGPKGENGVVGPTGPVGAAGPSGPNGPPGPAGSRGDGGPPGMTGFPGAAGRTGPPGPSGITGPPGPPGPAGKEGIRGPRGDQGPVGRAGDTGAGGPPGFAGEKGPSGEAGTAGPPGTPGPQGLLGAPGILGLPGSRGERGLPGIAGASGEPGPLGLSGPPGARGPPGNVGSPGVNGAPGEAGRDGNPGSDGPPGRDGQPGHKGERGYPGNIGPTGAAGAPGPHGPVGPAGKHGNRGEPGPAGSVGPVGAFGPRGPTGPQGIRGDKGEPGDKGPRGLPGMKGHNGLQGLPGLAGQHGDQGAPGPVGPAGPRGPAGPSGPAGKDGRSGHPGAVGPAGVRGSQGSQGPAGPPGPPGPPGPPGASGGGYDFGFDGDFYRA,Chinchilla,Chinchilla lanigera
21,QMSYGYDEKSVGAAVPGPMGPSGPRGLPGPPGAPGPQGFQGPPGEPGEPGASGPMGPRGPPGAPGKNGDDGEPGKPGRPGERGPPGPQGARGLPGTAGLPGMKGHRGFSGLDGAKGDAGPAGPKGEPGSPGENGAPGQMGPRGLPGERGRPGPPGPAGARGNDGATGAAGPPGPTGPAGPPGFPGAVGAKGESGPQGARGSEGPQGARGEPGPPGPAGAAGPAGNPGSDGQPGAKGANGAPGIAGAPGFPGARGPSGPQGPSGPPGPKGNSGEPGAPGSKGDTGAKGEPGPVGIQGPPGPAGEEGKRGARGEPGPAGLPGPPGERGGPGSRGFPGADGVAGPKGPAGERGSPGPAGPKGSPGEAGRPGEAGLPGAKGLTGSPGSPGPDGKTGPPGPAGQDGRPGPAGPPGARGQAGVMGFPGPKGAAGEPGKAGERGVPGPPGAVGPAGKDGEAGAQGPPGPAGPAGERGEQGPAGSPGFQGLPGPAGPPGEAGKPGEQGVPGDLGAPGPSGARGERGFPGERGVQGPPGPAGPRGSNGAPGNDGAKGDAGAPGAPGSQGAPGLQGMPGERGAAGLPGPKGDRGDAGPKGADGTPGKDGPRGLTGPIGPPGPAGASGDKGETGPSGPPGPTGARGAPGDRGEPGPPGPAGFAGPPGADGQPGAKGEPGDAGAKGDAGPPGPAGPAGPPGPIGNVGAPGSKGARGSPGPPGATGFPGAAGRVGPPGPSGNAGPPGPPGPAGKEGAKGVRGETGPAGRPGEAGPPGPPGPAGEKGSPGADGPAGAPGTPGPQGIAGQRGVVGLPGQRGERGFPGLPGPSGEPGKQGPSGASGERGPPGPAGPPGLAGPPGESGREGSPGAEGSPGRDGSPGPKGDRGETGPAGPPGAPGAPGAPGPVGPAGKNGDRGETGPAGPAGPIGPAGARGPAGPQGPRGDKGETGEQGDRGIKGHRGFSGLQGPPGPPGSPGEQGPSGASGPAGPRGPPGSAGSPGKDGLNGLPGPIGPPGPRGRTGDAGPAGPPGPPGPPGPPGPPSGGYDLSFLPQPPQEKSGDGGRYYRARQYDGKGVGLGPGPMGLMGPRGPPGAVGAPGPQGFQGPAGEPGEPGQTGPAGSRGPAGPPGKAGEDGHPGKPGRPGERGVVGPQGARGFPGTPGLPGFKGPRGHNGMDGLKGQAGAPGVKGEPGAPGENGTPGQAGARGLPGERGRVGAPGPTGARGSDGSVGPVGPAGPIGAAGPPGFPGAPGAKGEIGPVGNPGPSGPAGPRGEVGLPGLSGPVGPPGNPGANGLPGSKGATGLPGVAGAPGLPGPRGIPGPVGAAGATGARGLVGDPGPAGSKGESGNKGEPGSAGAQGPPGPSGEEGKRGPNGEVGSAGPPGPPGLRGSPGSRGLPGADGRSGVMGPPGSRGATGPAGVRGPNGDTGRPGEPGLMGPRGLPGSPGNAGPAGKEGPMGLPGIDGRPGPIGPAGPRGEAGNIGFPGPKGPTGDPGKSGDKGHPGLAGARGAPGPDGNNGAQGPPGPQGVQGGKGEQGPAGPPGFQGLPGPSGPAGEVGKPGERGLPGEFGLPGPAGARGERGPPGESGAVGPAGPIGNRGPSGPPGPDGNKGEPGVVGAPGTAGASGPGGLPGERGAAGIPGGKGEKGETGHRGEPGNTGRDGARGAPGAIGAPGPAGATGDRGEAGPAGPAGPAGPRGSPGERGEVGPAGPNGFAGPAGAAGQPGAKGERGAKGPKGENGVVGPTGPVGAAGPSGPNGPPGPAGSRGDGGPPGMTGFPGAAGRTGPPGPSGITGPPGPPGPAGKEGIRGPRGDQGPVGRTGDTGAGGPPGFAGEKGPSGEPGTAGPPGTPGPQGLLGAPGILGLPGSRGERGLPGIAGASGEPGPLGLAGPPGARGPPGNVGSPGVNGPPGEAGRDGNPGNDGPPGRDGQPGHKGERGYPGNIGPVGAAGAPGPHGPVGPTGKHGNRGEPGPAGSVGPVGAVGPRGPSGPQGIRGDKGEVGDKGPRGLPGIKGHNGLQGLPGLAGQHGDQGSPGPVGPAGPRGPAGPSGPAGKDGHAGQPGPVGPAGVRGSQGSQGPAGPPGPPGPPGPAGASGGGYDFGFDGDFYRA,Cavia,Cavia porcellus
22,QMSYGYDEKSAGVSVPGPMGPSGPRGLPGPPGAPGPQGFQGPPGEPGEPGASGPMGPRGPPGPPGKNGDDGEAGKPGRPGERGPSGPQGARGLPGTAGLPGMKGHRGFSGLDGAKGDAGPAGPKGEPGSPGENGAPGQMGPRGLPGERGRPGAPGPAGARGNDGATGAAGPPGPTGPAGPPGFPGAVGAKGEAGPQGARGSEGPQGVRGEPGPPGPAGAAGPAGNPGADGQPGAKGANGAPGIAGAPGFPGARGPSGPQGPSGAPGPKGNSGEPGAPGNKGDTGAKGEPGPAGVQGPPGPAGEEGKRGARGEPGPAGLPGPPGERGGPGSRGFPGADGVAGPKGPTGERGSPGPAGPKGSPGEAGRPGEAGLPGAKGLTGSPGSPGPDGKTGPPGPAGQDGRPGPPGPPGARGQAGVMGFPGPKGAAGEPGKAGERGVPGPPGAVGPAGKDGEAGAQGPPGPSGPAGERGEQGPAGSPGFQGLPGPAGPPGEAGKPGDQGVPGDLGAPGPSGARGERGFPGERGVQGPPGPAGPRGSNGAPGNDGAKGDTGAPGAPGSQGAPGLQGMPGERGAAGLPGPKGDRGDAGPKGADGSPGKDGVRGLTGPIGPPGPAGAPGDKGESGPSGPAGPTGARGAPGDRGEPGPPGPAGFAGPPGADGQPGAKGEPGDSGAKGDAGPPGPAGPAGPPGPIGNVGAPGPKGARGSAGPPGATGFPGAAGRVGPPGPSGNAGPPGPPGPVGKEGGKGPRGETGPAGRPGEVGPPGPPGPAGEKGSPGADGPAGSPGTPGPQGIAGQRGVVGLPGQRGERGFPGLPGPSGEPGKQGPSGASGERGPPGPMGPPGLAGPPGESGREGSPGAEGSPGRDGSPGPKGDRGETGPAGPPGAPGAPGAPGPVGPAGKSGDRGETGPAGPAGPIGPVGARGPAGPQGPRGDKGETGETGERGIKGHRGFSGLQGPPGPPGSPGEQGPSGASGPAGPRGPPGSAGAAGKDGLNGLPGPIGPPGPRGRTGDAGPVGPPGPPGPPGPPGPPSGGFDFSFMPQPPQEKAQDGGRYYRARQYDGKGASLGPGPMGLMGPRGPPGASGAPGPQGFQGPAGEPGEPGQTGPAGARGPPGAPGKAGEDGHPGKPGRPGERGVVGPQGARGFPGTPGLPGFKGIRGHNGLDGLKGQPGAPGIKGEPGAPGENGTPGQSGARGLPGERGRVGAPGPAGARGSDGSVGPVGPAGPIGSAGPPGFPGAPGPKGELGPVGSPGASGPAGPRGEVGLPGLSGPVGPPGNPGANGLTGSKGAAGLPGVAGAPGLPGPRGIPGPVGAAGATGPRGLVGEPGPAGSKGETGNKGEPGAAGPQGLPGPSGEEGKRGSNGEPGSAGPAGPPGLRGNPGSRGLPGADGRAGVMGPPGNRGSSGPAGVRGPNGDSGRPGEPGLMGPRGLPGSPGSVGPTGKEGPVGLPGIDGRPGPIGPAGARGEAGNIGFPGPKGPTGEPGKHGDKGHPGLAGARGAPGPDGNNGAQGPPGPQGVQGGKGEQGPAGPPGFQGLPGPSGSAGEVGKPGERGLPGEFGLPGPAGPRGERGPPGESGAAGPSGPIGSRGPSGPPGPDGNKGEAGAVGAPGNAGASGPGGLPGERGAAGIPGGKGEKGETGLRGEIGTPGRDGARGAPGAVGAPGPAGATGDRGEAGAAGPAGPAGPRGSPGERGEVGPAGPNGFAGPAGAAGQPGAKGERGTKGPKGENGVVGPSGPVGAAGPSGPNGPPGPVGGRGDGGPPGMTGFPGAAGRTGPPGPSGITGPPGPPGAAGKEGLRGPRGDQGPVGRTGETGASGPPGFTGEKGPSGEPGTAGPPGTPGPQGLLGAPGILGLPGSRGERGLPGISGALGEPGPLGIAGPPGARGPPGAVGSPGVNGAPGEAGRDGNPGSDGPPGRDGQPGHKGERGYPGNIGPTGAAGAPGPQGSVGPAGKYGNRGEPGPAGSIGPVGAVGPRGPSGPQGIRGEKGEVGDKGHRGLPGLKGHNGLQGLPGLAGPHGDQGSPGTVGPAGPRGPAGPTGPVGKDGRSGQPGAVGPAGVRGTQGSQGPAGPPGPPGPPGPPGISGGGYDFDGDFYRA,Dipodomys,Dipodomys ordii
23,QMSYGYDEKSAGVSVPGPMGPSGPRGLPGPPGAPGPQGFQGPPGEPGEPGASGPMGPRGPPGPPGKNGDDGEAGKPGRPGERGPSGPQGARGLPGTAGLPGMKGHRGFSGLDGAKGDAGPAGPKGEPGSPGENGAPGQMGPRGLPGERGRPGAPGPAGARGNDGATGAAGPPGPTGPAGPPGFPGAVGAKGEAGPQGARGSEGPQGVRGEPGPPGPAGAAGPAGNPGADGQPGAKGANGAPGIAGAPGFPGARGPSGPQGPSGAPGPKGNSGEPGAPGNKGDTGAKGETGPAGVQGPPGPAGEEGKRGARGEPGPAGLPGPPGERGGPGSRGFPGADGVAGPKGPTGERGSPGPAGPKGSPGEAGRPGEAGLPGAKGLTGSPGSPGPDGKTGPPGPAGQDGRPGPPGPPGARGQAGVMGFPGPKGAAGEPGKAGERGVPGPPGAVGPAGKDGEAGAQGPPGPSGPAGERGEQGPAGSPGFQGLPGPAGPPGEAGKTGEQGVPGDLGAPGPSGARGERGFPGERGVQGPPGPAGPRGSNGAPGNDGAKGDTGAPGAPGSQGAPGLQGMPGERGAAGLPGPKGDRGDAGPKGADGSPGKDGVRGLTGPIGPPGPAGAPGDKGESGPSGPAGPTGARGAPGDRGEQGPPGPAGFAGPPGADGQPGAKGEPGDTGAKGDAGPPGPAGPAGPPGPIGNVGAPGPKGARGSAGPPGATGFPGAAGRVGPPGPSGNAGPPGPPGPVGKEGGKGPRGETGPAGRPGEVGPPGPPGPAGEKGSPGADGPAGSPGTPGPQGIAGQRGVVGLPGQRGERGFPGLPGPSGEPGKQGPSGASGERGPPGPMGPPGLAGPPGESGREGSPGAEGSPGRDGSPGPKGDRGETGPAGPPGAPGAPGAPGPVGPAGKSGDRGETGPAGPAGPIGPVGARGPAGPQGPRGDKGETGETGERGIKGHRGFSGLQGPPGPPGSPGEQGPSGASGPAGPRGPPGSAGAAGKDGLNGLPGPIGPPGPRGRTGDAGPVGPPGPPGPPGPPGPPSGGFDFSFMPQPPQEKAQDGGRYYRARQYDGKGASLGPGPMGLMGPRGPPGASGAPGPQGFQGPAGEPGEPGQTGPAGARGPPGAPGKAGEDGHPGKPGRPGERGVVGPQGARGFPGTPGLPGFKGIRGHNGLDGLKGQPGAPGIKGEPGAPGENGTPGQSGARGLPGERGRVGAPGPAGARGSDGSVGPVGPAGPIGSAGPPGFPGAPGPKGELGPVGSPGASGPAGPRGEVGLPGLSGPVGPPGNPGANGLTGSKGAAGLPGVAGAPGLPGPRGIPGPVGAAGATGPRGLVGEPGPAGSKGETGNKGEPGAAGPQGLPGPSGEEGKRGSNGEPGSAGPAGPPGLRGNPGSRGLPGADGRAGVMGPPGNRGSSGPAGVRGPNGDSGRPGEPGLMGPRGLPGSPGSVGPTGKEGPVGLPGIDGRPGPIGPAGARGEAGNIGFPGPKGPTGEPGKHGDKGHPGLAGARGAPGPDGNNGAQGPPGPQGVQGGKGEQGPAGPPGFQGLPGPSGSAGEVGKPGERGLPGEFGLPGPAGPRGERGPPGESGAAGPSGPIGSRGPSGPPGPDGNKGEAGAVGAPGNAGASGPGGLPGERGAAGIPGGKGEKGETGLRGEIGTPGRDGARGAPGAVGAPGPAGATGDRGEAGAAGPAGPAGPRGSPGERGEVGPAGPNGFAGPAGAAGQPGAKGEKGTKGPKGENGVVGPSGPVGAAGPSGPNGPPGPVGGRGDGGPPGMTGFPGAAGRTGPPGPSGITGPPGPPGAAGKEGLRGPRGDQGPVGRTGETGASGPPGFTGEKGPSGEPGTAGPPGTPGPQGLLGAPGILGLPGSRGERGLPGISGALGEPGPLGIAGPPGARGPPGAVGSPGVNGAPGEAGRDGNPGSDGPPGRDGQTGHKGERGYPGNIGPTGAAGAPGPQGSVGPAGKYGNRGEPGPAGSIGPVGAVGPRGPSGPQGIRGEKGEVGDKGHRGLPGLKGHNGLQGLPGLAGPHGDQGSPGTVGPAGPRGPAGPTGPVGKDGRSGQPGAVGPAGVRGSQGSQGPAGPPGPPGPPGPPGISGGGYDFDGDFYRA,Dipodomys,Dipodomys spectabilis
24,QMSYGYDEKSGGVSVPGPMGPSGPRGLPGPPGAPGPQGFQGPPGEPGEPGASGPMGPRGPPGPPGKNGDDGEAGKPGRPGERGPPGPQGARGLPGTAGLPGMKGHRGFSGLDGAKGDSGPAGPKGEPGSPGENGAPGQMGPRGLPGERGRPGAPGPAGARGNDGATGAAGPPGPTGPAGPPGFPGAVGAKGEAGPQGARGSEGPQGVRGEPGPPGPAGAAGPAGNPGADGQPGAKGANGAPGIAGAPGFPGARGPSGPQGPSGPPGPKGNSGEPGAPGNKGDTGAKGEPGPVGVQGPPGPAGEEGKRGARGEPGPAGLPGPPGERGGPGSRGFPGADGVAGPKGPAGERGSPGPAGPKGSPGEAGRPGEAGLPGAKGLTGSPGSPGPDGKTGPPGPAGQDGRPGPAGPPGARGQAGVMGFPGPKGAAGEPGKAGERGVPGPPGAVGPAGKDGEAGAQGPPGPAGPAGERGEQGPAGSPGFQGLPGPAGPSGEAGKPGEQGVPGDLGAPGPSGARGERGFPGERGVQGPPGPAGPRGSNGAPGNDGAKGDAGAPGAPGSQGAPGLQGMPGERGAAGLPGPKGDRGDAGPKGADGSPGKDGVRGLTGPIGPPGPAGAPGDKGETGPSGPAGPTGARGAPGDRGEPGPPGPAGFAGPPGADGQPGAKGEPGDAGAKGDAGPPGPAGPAGPPGPIGNVGAPGPKGARGSAGPPGATGFPGAAGRVGPPGPSGNAGPPGPPGPVGKEGGKGPRGETGPAGRPGEVGPPGPPGPAGEKGSPGSDGPAGAPGTPGPQGIAGQRGVVGLPGQRGERGFPGLPGPSGEPGKQGPSGASGERGPPGPMGPPGLAGPPGESGREGSPGAEGSPGRDGSPGPKGDRGESGPAGPPGAPGAPGAPGPVGPAGKSGDRGETGPAGPAGPIGPAGSRGPAGPQGPRGDKGETGEQGERGMKGHRGFSGLQGPPGPPGSPGEQGPSGASGPAGPRGPPGSAGAAGKDGLNGLPGPIGPPGPRGRTGDAGPVGPPGPPGPPGPPGPPSGGYDFSFLPQPPQEKSGDGGRYYRARQFDGKGVSLGPGPMGLMGPRGPPGAAGAPGPQGFQGPAGEPGEPGQTGPAGARGPPGAPGKAGEDGHPGKPGRPGERGVVGPQGARGFPGTPGLPGFKGIRGHNGPDGLKGQPGAPGVKGEPGAPGENGTPGQSGARGLPGERGRVGAPGPTGARGSDGSVGPVGPAGPIGSAGPPGFPGAPGPKGELGPVGNPGASGPAGPRGEVGLPGLSGPVGPPGNPGANGLAGSKGAAGLPGVAGAPGLPGPRGIPGPVGAAGATGARGLVGEPGPAGSKGETGSKGEPGSSGPQGPPGPSGEEGKRGSTGEPGSAGPAGPPGLRGSPGSRGLPGADGRAGVMGPPGNRGSTGPAGVRGPSGDSGRPGEPGLMGPRGLPGSPGNVGPAGKEGPVGLPGIDGRPGPIGPAGTRGEAGNIGFPGPKGPTGDPGKNGDKGHPGLAGARGAPGPDGNNGAQGPPGPQGVQGGKGEQGPAGPPGFQGLPGPSGTAGEAGKPGERGLPGEFGLPGPAGARGERGPPGESGAAGPSGPIGNRGPSGPPGPDGNKGEPGVVGAPGTAGASGPGGLPGERGAAGIPGGKGEKGETGLRGEIGNPGRDGARGAPGAVGSPGPAGATGDRGEAGAAGPAGPAGPRGSPGERGEVGAAGPNGFAGPAGAAGQPGAKGERGTKGPKGENGVVGPSGPVGAAGPSGPNGPPGPAGGRGDGGPPGMTGFPGAAGRTGPPGPSGITGPPGPPGAAGKEGLRGPRGDQGPVGRTGETGASGPPGFTGEKGPSGEPGTAGPPGTPGPQGLLGAPGILGLPGSRGERGLPGVAGALGEPGPLGIAGPPGARGPPGAVGSPGVNGAPGEAGRDGNPGNDGPPGRDGQPGHKGERGYPGNIGPAGAAGAPGPHGPVGPAGKHGNRGEPGPAGSVGPVGAVGPRGPSGPQGIRGDKGEPGDKGQRGSPGLKGHNGFQGLPGLAGLHGDQGSPGPVGPAGPRGPAGPTGPAGKDGRSGHPGSVGPAGVRGSQGSQGPAGPPGPPGPPGPPGASGGGYDFGFDGDFYRA,Castor,Castor canadensis
